# key	english
Skills/StrengthTrainingBook1	You can carry more.
Skills/StrengthTrainingBook2	You can carry even more.
Skills/WalrusBook	Better resistance to cold.
Skills/	
Skills/FishTemptationTechniques	Fish catch baits faster.
Skills/GroundbaitVirtuoso	You gain a chance of not losing a bait when fishing.
Skills/MaintenanceOfTheFishermansEquipment	Fishing rods wear out slower.
Skills/AnimalExtractionBook	You get more of a product out of every animal (wool, milk, etc.)
Skills/AnimalsWhispererBook	Animals are no longer scared of you. \nUnlocks new interactions.
Skills/ClimbingBook	Stamina drains slower while climbing.
Skills/WalrusBook2	Even better resistance to cold.
Skills/PumaExpertBook	You can't be suprise attacked by pumas.
Letter/herbTittel	Dear Neighbor,
Letter/herbSignature	The Local Herbalist
Letter/herbFirstLetter	Do you like flowers, herbs and plants in general? Are you having trouble making friends in the town? Are you tired of urban life and sad men in suits visiting your home? Do you enjoy nature?\nIf any of this is true to you (and I'm sure it is!), please come to the forest during the day. You might meet someone friendly!\n
Letter/herbPill	It seems you didn't achieve what you wanted during your last trip. Take this and have better luck next time!
Letter/minutTittle	Dear Mr. Prepper,
Letter/minutSignature	Yours truly,\nThe Minuteman\n
Letter/minutFirstLetter	You don't know me, but your ambitions have caught my eye. You are an interesting person, Mr. Prepper. And there are not many interesting people in the town these days. \nI know that your little road trip didn't go well. Too bad! But if I may suggest something: go big. And don't stick to land route only. I'm attaching something you may find useful. It's a tried and tested design. It might seem crazy at a first glance, but Prepper, I know you can do it. \nAnd don't be afraid, your secrets are safe with me. And expect more fan mail from me soon!\n
Letter/minutLetter2	I hope my letter finds you well. Do you feel inspired by my last gift?\nI would like to start a small exchange between us, if you'll agree. From time to time, I will send you a letter or a package with some useful information or an item. And I have access to some rather curious supplies and sources, trust me!\nHowever, there are some things that are hard to obtain for me – and here is where I believe you, Mr. Prepper, would help me. \nYou can deliver me things like you would trade them on the local marketplace – I'm sure you'll figure this out.\nAs an icebreaker - I would just love, love to have a jar of blueberry jam! \n\n\n
Letter/minutLetter3	How are you? I have recently taken interest in a certain fascinating topic that can also become timely. However, due to regulations of our wise government – bless the President – obtaining reliable sources on this topic is challenging.\nBut Mr. Prepper, you might have more luck! Please deliver me a good book about nuclear warfare and its consequences. Something non-fiction. I am sure I can make up for all the trouble!\nI am not sure where to obtain unusual books these days, given the Agency's pressure. I think the whole book business must have gone underground.
Letter/minutLetter4	Thank you very much for the book, it was very informative indeed! Now I have a follow-up request: could you bring me a Geiger counter? I am not saying I need to use it right now… but still I would like to learn how to use it, and rather sooner than later. \nThe Geiger counter is already quite an old technology; maybe you'll find one where other old things are?\nI will be grateful!
Letter/minutLetter5	Thank you very much for the Geiger counter! Now I feel much more… prepared. \nRemember my first gift for you? Have you already started constructing your vehicle? I'm sure you'll handle most of it easily, but keep in mind that such technology requires impeccable quality of elements, hard to achieve in our do-it-yourself conditions.\nBut fear not! I happen to know about a device which will help you greatly: an AI-based, highly adaptable rocket control module, together with a top-notch accelerometer.\nI know you can find the control module in Fort Observer, an abandoned military base not far from Murricaville. They used to work on sending things to space there, among other research. I cannot point you to a specific location, unfortunately. But I'm sure you'll find a way, Mr. Prepper!\n\n
Letter/minutLetter6	I'm afraid we are both in trouble. Despite my precautions, there is a certain Agent who has taken interest in me and my recent... investigations. If he keeps snooping around, he might also get to you eventually.\nBut here's how you can help: you could put the Agent in trouble so he gets off our backs. This Agent lives nearby under the name of James FitzPatrick. \nPlant him an illegal item and I'll denounce him to the Agency.\nIt would be best if it was not simply illegal, but... illegal with a flair. To truly impress other Agents.\nI have a feeling the postman would be willing to help with this. He's also not a fan of the Agency. \nRemember, Mr. Prepper, it's for our safety! Our ambitions are too grand to be thwarted by some petty agents!\n
Letter/minutLetterWaterControl	Just a quick note: my source in the Agency tells me that the water usage will be added to the things checked during an inspection. Excessive use may be noticed. Please pay attention!
Letter/minutLetterElectricityControl	Heads up: as our great country has some problems with electricity supply, the Agency plans to start controlling domestic electricity usage. Keep in mind that high consumption may look suspicious. Take care!
Letter/minutLetterCupboardControl	A quick friendly warning: the Agency wants to ramp up the intensity of inspections. Be ready that they might want to look into your cupboards and prepare accordingly.
Letter/minutLetterCupboardControl2	And here I am with another warning: some people in the Agency are determined to prove you really are up to something, and they will look into your cupboards and cabinets even more closely. Be sure to keep anything that might be suspicious out of their sight!
Letter/huntLetterAd	<i><b><pos=20%><size=140%>HUNTER'S CLUB\n<line-height=20%>\n<line-height=100%><pos=10%><size=100%>Everything what the wilderness around Murricaville has to offer! Fresh game from different animals, free-range and ethically shot to death! And if you want to do the hunting yourself – I offer a wide choice of traps & baits.\n<line-height=70%><pos=40%><size=80%>-- Lavinia, your local huntress
Letter/minutLetter7	I regret to inform you that while our small sabotage has worked out brilliantly – Agent FitzPatrick will never bother any citizens again – I am in a dire situation now. We took out the Agent, but the Agency has noticed my special interests anyway. I am in hiding now; I had to leave my job, house, and most of my things. I am not as well prepared for such situations like you, so I need to ask for your help. Could you send me some food? Preferably canned and long-lasting.\nI also need to inform you of something you won't read in the Truth: the international situation is very tense currently. It seems the foreign powers have serious concerns about the real purpose of the Brazen Serpent satellite. It's hard to say how it ends.\nTake care and don't forget about me, Mr. Prepper!\n
Letter/minutLetter8	Thank you very much for the food you sent me! You are my inspiration and guardian angel, Mr. Prepper. \nThis might be the last letter I am sending you and I have one final request. They are coming for me to my hideout. And I need to be prepared: either for forcing my way through them or making my last stand. For that, I need sufficient firepower. A regular handgun will not do.\nDear Mr. Prepper, could you give me an automatic rifle and 100 rounds of ammunition? If I survive the battle, I promise to answer a lot of questions that must be bugging you. If I do not, please remember me dearly, Mr. Prepper.\n
Letter/	
Letter/HalloweenNote	Dear Citizen, Boo-hoo! It's Halloween time!Find the scarecrow! (And please remember to be compliant with security & wellbeing regulations at all times.)
Letter/farmInvitationTittle	Work Order - Farm
Letter/farmInvitation	Dear Citizen,\nin accordance with the Resources & Workforce Allocation Act, you are now assigned to the task of repair and maintenance of the White Sands Farm. Please arrive to the location without any unnecessary delay. \nBless the President,
Letter/farmInvitationSignature	The Agency
Letter/joeUraniumTittle	A New Find
Letter/joeUraniumLetter	Hey, Prepper!\nCome to my junkyard, I have something for you! A very interesting find! It glows in UV light!
Letter/joeSignature	Joe 
Letter/cryoTechNote1	cryoTechNote
Letter/cryoTechNote2	cryoTechNote
Letter/cryoTechNote3	cryoTechNote
Letter/cryoTechNote4	cryoTechNote
Letter/cryoTechNote5	cryoTechNote
Tips/tip	Tip
Tips/tipDefault0	Prepare yourself for the worst
Tips/tipDefault1	You can move items from and into boxes with a double click
Tips/tipDefault1Port	You can move items from and into boxes by press <sprite index=Button2_UIAtlas> on them
Tips/tipDefault2	You can move items from and into boxes with Shift + LMB
Tips/tipDefault2Port	You can move items from and into boxes with <sprite index=Button8_UIAtlas> while holding <sprite index=Button0_UIAtlas>
Tips/tipDefault3	Hold Shift to place items more precisely
Tips/tipDefault3Port	Hold <sprite index=Button26_UIAtlas> to place items more precisely
Tips/tipDefault4	Inspecting items and reading their descriptions can give useful tips
Tips/tipDefault5	Plants can wilt if you don't take care of them
Tips/tipDefault6	Crafting and cooking increases your Preparedness 
Tips/tipDefault7	Planting, watering and harvesting plants increases your Preparedness 
Tips/tipDefault8	Trading increases your Preparedness 
Tips/tipDefault9	Go to sleep early to regenerate more stamina
Tips/tipDefault10	Reading news increases your Preparedness 
Tips/tipDefault11	Keep your stamina and health over 50% to avoid losing Preparedness 
Tips/tipDefault12	You craft faster while your stamina and health are over 50%
Tips/tipDefault13	Disassembling items gives you their blueprints
Tips/tipDefault14	Your stamina decreases faster while you work
Tips/tipDefault15	Your Preparedness decreases slower while you work
Tips/tipDefault16	While dragging a group of items, click RMB to drop one item
Tips/tipDefault16Port	While dragging a group of items, press <sprite index=Button29_UIAtlas> to drop one item
Tips/tipMines1	You can melt stone into glass in a furnace
Tips/tipDefault17	Some items in locations respawn over time
Tips/tipDesert1	You can disassemble grenades
Tips/tipDesert2	Scavenging the desert is a good source of many materials. The farther you go, the better the loot
Tips/tipDefault18	Level up traders to unlock new ones
Tips/tipDefault19	Always read letters
Tips/tipMines2	You need a mining helmet to see in the dark
Tips/tipDesert3	Some NPCs appear only at night
Tips/tipDefault20	Read your journal if you get lost
Tips/tipDefault21	Most items can be used quickly with LMB
Tips/tipDefault21Port	Most items can be used quickly with <sprite index=Button0_UIAtlas>
Tips/tipDefault22	Double-click on an action in the context menu of an item to run to it and perform the action
Tips/tipDefault22Port	Double-press <sprite index=Button0_UIAtlas> on an action in the context menu of an item to run to it and perform the action
Tips/tipDefault23	Hold Left Ctrl to speed up time
Tips/tipDefault24	You can destroy rooms in the building mode by clicking the red cross button
Tips/tipDefault24Port	You can destroy rooms in the building mode by selecting the red cross
Tips/tipForest1	Take a look at a note on the traps sign to get an idea of a kind of loot you can get in this area
Tips/tipDefault25	
Tips/tipAgent1	If your suspicion level is high it will take multiple visits to bring it back down
Tips/tipAgent2	You can get the positive Agent buff only if your suspicion level is at 0 
Tips/tipAgent3	If you were a good citizen for a long time, Agent may turn a blind eye
Tips/tipAgent4	Power of negative agent buff is dependent on your suspicion level
Tips/tipFaint1	You can reload one of last 30 days after you faint four times
Tips/tipFaint2	You can get rid of after-faint debuff by sleeping
Tips/	
Tips/tipFarm1	Hamsters can help you generate power 
Tips/tipFarm2	Plant flowers in a room with beehive so the bees can produce some honey
Tips/tipFarm3	Cows produce more milk than goats 
Tips/tipFarm4	You can kill animals to get meat - but please don't 
Tips/tipFarm5	You can breed animals - take good care of them and leave extra space in room for the offspring! 
Tips/tipFarm6	Breeding and selling animals can be a good business
Tips/tipFarm7	Different animal variants can breed with each other without any issues
Tips/tipFarm8	Animals need enough space to live. Fences and room borders restrict their living space
Tips/tipFarm9	If the needs of animals are not satisfied, they won't produce anything and won't be able to breed
Tips/tipFarm10	You can buy a book with new cooking recipes from Will 
Tips/tipFarm11	Will sells different animals on higher trade levels
Tips/tipFarm12	You can fillet fish to eat them. Some fish turn to baits instead of food when filleted 
Tips/tipMaze1	The night maze opens at 6 PM every day 
Tips/tipMaze2	The night maze is harder, but gives better rewards 
Tips/tipMaze3	Use the map to avoid Skull rooms
Tips/tipFishingLakeSign1	Fish have their preferences regarding weather, time of day and other things
Tips/tipFishingLakeSign2	You can check the weather forecast on the radio
Tips/tipFishingLakeSign3	If you are hunting for a specific fish, read about its preferences on an info board near the lake
Tips/tipFishingLakeSign4	Not every fish likes the same thing - choose your baits well
Tips/tipAnimalsXeno1	The more Xeno trusts you, the more activities he is willing to do
Tips/tipAnimalsXeno2	Activities with Xeno increase his trust level
Tips/tipAnimalsXeno3	Remember to meet Xeno's needs, otherwise he will be forced to meet them elsewhere
Tips/tipAnimalsXeno4	Xeno is very fond of rat meat treats
Tips/tipNuclear1	If you equip your Geiger Counter, it will automatically open when it detects a source of radiation.
Tips/tipNuclear2	Radiated items are hidden everywhere! Use a Geiger Counter to find them.
Tips/tipNuclear3	Anti-radiation extract is the best method to quickly reduce the Prepper's radiation level.
Tips/tipNuclear4	Nap, sleep or eat to reduce Prepper's radiation level.
Tips/tipNuclear5	You can safely keep Nuclear Material in your inventory. Its radiation level is too small to affect you.
Tips/tipNuclear6	Keeping irradiated items in your inventory makes the Prepper's radiation level grow.
Tips/tipNuclear7	Some of the irradiated items can respawn. 
Tips/tipNuclear8	Dr Edward, the scientist, can give you recipes for items that automate planting and harvesting. 
Tips/tipNuclear9	Use a Pitter to get seeds out of fruits, vegetables and other items.
Tips/tipNuclear10	Keep irradiated items away from food and plants.
Tips/tipNuclear11	Centrifuge can be used to clear some items of radiation.
Tips/tipNuclear12	If you don't know where to find an item from a Scientist's Request, just ask him!
Tips/tipNuclear13	Crane Minigame price resets every day.
Tutorial/FirstFight1	Combat: [Q] - attack left, [E] - attack right
Tutorial/FirstFight2	Move away to dodge wolfthem.
Tutorial/FirstFight3	Hold <color=yellow>Left Control</color> to block the wolf's attacks
Tutorial/FirstFight3Port	Hold <sprite index=Button26_UIAtlas> to block the wolf's attacks
Tutorial/FirstFight4	or move away to dodge them.
Tutorial/FirstFight5	Use your bat in fight.
Tutorial/FirstFight6	Good luck!
Tutorial/FirstFightAddon1	Oh wait--
Tutorial/FirstFightAddon2	--you don't have a baseball bat!
Tutorial/FirstFightAddon3	In this case...
Tutorial/FirstFightAddon4	...you should RUN!
Tutorial/tt1	Tutorial
Tutorial/tt2	Controls
Tutorial/tt3	Nap time
Tutorial/tt4	Hunger
Tutorial/tt5	Preparedness
Tutorial/tt6	New escape plan
Tutorial/tt7	Build a bunker
Tutorial/tt8	Old friend
Tutorial/tt9	Workbench
Tutorial/tt10	Trading
Tutorial/tt11	Forest
Tutorial/tt12	Collecting
Tutorial/tt13	Back home
Tutorial/tt14	Disassemble
Tutorial/tt15	You've got mail
Tutorial/tt16	Refresh
Tutorial/tt17	Ladder
Tutorial/tt18	Place the ladder
Tutorial/tt19	Light
Tutorial/tt20	Light
Tutorial/tt21	Light
Tutorial/tt22	Night time
Tutorial/tt23	Agent inspection
Tutorial/tt24	Report
Tutorial/tt25	Workbench
Tutorial/tt26	Breakfast
Tutorial/tt27	Journal
Tutorial/	
Tutorial/td1	This is a tutorial. Let me show you around.
Tutorial/td2	Get familiar with the basic controls.
Tutorial/td3	You are tired after your escape attempt. You deserve a <color=yellow>nap</color>.
Tutorial/td4	You are hungry. Go <color=yellow>eat</color> something. 
Tutorial/td5	Keep your Preparedness high.
Tutorial/td6	Check your new <color=yellow>escape plan</color>.
Tutorial/td7	Build the first room of your bunker.
Tutorial/td7Port	Build the first room of your bunker. Select Room option, point place to create room and confirm with<sprite index=Button0_UIAtlas>
Tutorial/td8	You need to craft a <color=yellow>ladder</color> for your bunker. \nFirst, uncover your trusty <color=yellow>workbench</color>. 
Tutorial/td9	Your workbench is a bit rusty. \nLet's see what you need to refresh it.
Tutorial/td10	You will need some metal and some wood. Start with buying <color=yellow>8 units of metal</color>.
Tutorial/td11	Go to the forest and find some wood. 
Tutorial/td12	# wood logs.
Tutorial/td13	Go back home.
Tutorial/td14	Disassemble 3 logs to get wood. \n<color=yellow># logs disassembled<color=yellow>.
Tutorial/td15	Receive your metal.
Tutorial/td16	Upgrade your workbench.
Tutorial/td17	You can finally craft a ladder!
Tutorial/td18	Just place the ladder. Drag & drop it.
Tutorial/td19	You need <color=yellow>lamps</color> for your bunker. You need <color=yellow>glass</color> to make them. Let's disassemble something at the workbench.
Tutorial/td20	Craft a wall lamp.
Tutorial/td21	Place wall lamp in the bunker. Drag & drop it.
Tutorial/td21Port	Place wall lamp in the bunker.
Tutorial/td22	You NEED to go to sleep before <color=yellow>3 AM</color>. 
Tutorial/td23	The Agent will come soon. You need to <color=yellow>hide or grab suspicious items</color> and open the door for him.
Tutorial/td24	This is the Agent's report. Keep your house in unchanged state so the reports stay positive.
Tutorial/td25	Place the workbench in your bunker.
Tutorial/td26	Cook and eat some food.
Tutorial/td27	Check your journal.
Tutorial/tutPrep1	This is your Preparedness.
Tutorial/tutPrep2	It's your most valuable stat.
Tutorial/tutPrep3	If it drops to zero, you will faint.
Tutorial/tutPrep4	Stay well fed and well rested to keep it high.
Tutorial/tutFoodSource	Establish \na food source
Tutorial/tutBuildFirstRoom	Build the first room
Tutorial/tutBuildFirstRoom2	of my bunker.
Tutorial/tutGrowPlant	Grow some plants
Tutorial/tutGrowPlant2	in my bunker.
Tutorial/tutBasic0	or
Tutorial/tutBasic1	to see what you can do with it
Tutorial/tutBasic2	with
Tutorial/tutBasicCamera	Move camera using
Tutorial/tutBasicPrepper	Move Mr. Prepper
Tutorial/tutBasicRun	Double click to run
Tutorial/tutBasicRunPort	Double press <sprite index=Button0_UIAtlas> to run
Tutorial/tutBasicClickOn	on any object
Tutorial/tutCantDoThat	You can't do that in the tutorial!
Tutorial/tutPlants1.1	To make your basic underground farm you will need:
Tutorial/tutPlants1.2	<color=yellow>5x Room Soil</color> - can be crafted in the workbench
Tutorial/tutPlants1.3	<color=yellow>5x Seed bags</color> - you may find some in your home
Tutorial/tutPlants1.4	Seeds can also be bought in trade.
Tutorial/tutPlants2.1	Plants need <color=yellow>water</color> and <color=yellow>light</color> to grow.
Tutorial/tutPlants2.2	You can take some water from a <color=yellow>sink</color>.
Tutorial/tutPlants2.3	Keep your farm room <color=yellow>well lit</color>.\nMore light - faster growth.
Tutorial/tutDriveAvoid	Hold <color=yellow>LMB</color> or <color=yellow>SPACE</color> to change the lane and avoid obstacles
Tutorial/tutDriveAvoidPort	Hold <sprite index=Button0_UIAtlas> to change the lane and avoid obstacles
Tutorial/tutDriveJump	Hold <color=yellow>RMB</color> or <color=yellow>LEFT SHIFT</color> to boost the car acceleration when the car goes up the ramp and jump safely
Tutorial/tutDriveJumpPort	Hold <sprite index=Button3_UIAtlas> to boost the car acceleration when the car goes up the ramp and jump safely
Tutorial/cooking1	Remember that you will get the most of your food\nif you cook it first.
Tutorial/cooking2	Try to start with a soup or a smoothie.
Tutorial/cooking3	Soups additionally require water - you can get it from the sink.
Tutorial/blackOut1	It's a blackout. Too many things are using electricity.
Tutorial/blackOut2	This is your electricity box.
Tutorial/blackOut3	Here you can check the percentage of electricity being used.
Tutorial/blackOut4	Electricity supply provided by the government is very limited.
Tutorial/blackOut5	For now, you have to turn something off to get power back.
Tutorial/blackOut6	Later on you will be able to build your own generators to get more electricity.
Tutorial/trustTut1	This is your mutual trust level with this neighbor.
Tutorial/trustTut2	Every time you level up your trust,
Tutorial/trustTut3	you will get access to more and better offers.
Tutorial/trustTut4	You may also unlock more traders this way via neighbor's recommendation.
Tutorial/upgradeTut1	Room upgrade acquired!
Tutorial/upgradeTut2	Put it inside a room upgrade box to upgrade a room.
Tutorial/upgradeTut3	The number of room upgrade modules required to upgrade a room depends on the room size.
Tutorial/mazeTut1	Reach the end of the maze.
Tutorial/mazeTut2	The maze will close once you leave it.
Tutorial/mazeTut3	The maze has 5 levels of difficulty.
Tutorial/mazeTut4	Keep completing maze runs to reach the higher difficulty levels.
Tutorial/dogExpeditionTut1	Your friendship with Xeno is already at such a high level that he has allowed himself for a little trip. 
Tutorial/dogExpeditionTut2	After taking care of his doggy affairs, he will definitely come back to you.
Tutorial/fishingTut1	Let's get you through the process of fishing.
Tutorial/fishingTut2	It's not so easy to get yourself a fresh fish to eat. If you want to win the fight with a fish on the other end of the fishing line, you have to be successful in two types of events on this wheel.
Tutorial/fishingTut3	Thin semicircles are about clicking in the right time. When you see a thin semicircle, click LMB or RMB right at the moment when a semicircle touches the inside circle.
Tutorial/fishingTut4	When you see a thick semicircle, hold LMB or RMB throughout the whole time when a semicircle touches the inside circle.
Tutorial/fishingTutLabel1	Fishing Minigame
Tutorial/fishingTutLabel2	Click semicircle
Tutorial/fishingTutLabel3	Hold semicircle
Tutorial/postApoTut60Seconds0	Collect all the things important to you from the surface before more exposures happen.
Tutorial/postApoTut60Seconds1	Hurry up becasue you have only <color=red>60 SECONDS</color>!
Tutorial/tipCombatUpdate1	Use [Q] & [E] to attack.
Tutorial/tipCombatUpdate2	You can change the preferred attack mode in the gameplay settings.
Tutorial/tipEggsCollect1	Right click on the chicken coop and choose <color=yellow>Collect</color> to quickly collect all eggs at once.
Tutorial/tutMountainItemPlacement1	When placing items on the mountain,\na <color=blue>blue</color> highlight means Prepper will need to climb to reach that spot.
Tutorial/tutMountainItemPlacement2	He might not be able to get there,\nbut he will give it a try.
Tutorial/tutMountainClimbDebuff1	Prepper needs <color=#388942>stamina</color> to climb.
Tutorial/tutMountainClimbDebuff2	The more stamina he has, the longer he can keep climbing.
Tutorial/tutMountainClimbDebuff3	While climbing, the stamina bar <color=#BEC05C>fills up</color>, showing how close Prepper is to his limit.
Tutorial/tutMountainClimbDebuff4	When the stamina bar starts turning <color=red>red</color>, Prepper is overexerting himself, activating a debuff that drains his stamina.
Tutorial/tutMountainClimbDebuff5	If the stamina bar fills completely, Prepper will fall.
Locations/Bob	Bob's House
Locations/Citydumbs	Junkyard
Locations/Forest	Forest
Locations/Grocery	Grocery
Locations/Home	Home
Locations/Jenny	Jenny
Locations/Jetsons	Jetsons' House
Locations/Mine	Old Creek Mine
Locations/Nancy	Nancy's House
Locations/OilStation	Gas station
Locations/Supermarket	Supermarket
Locations/Hunter	Huntress
Locations/Gourmet	Gourmet
Locations/HomeLable	Home
Locations/ForestLable	Forest
Locations/MineLable	Old Creek Mine
Locations/DesertLable	Desert
Locations/ForestHutLable	Hut
Locations/ForestJennyLable	Jenny's Hut
Locations/MinutMan	Minuteman
Locations/Sergiej	Sergey
Locations/Joe	Joe
Locations/	
Locations/FortEntrance	Fort Observer - Entrance
Locations/FortMain	Fort Observer
Locations/FortStorage	Fort Observer - Storage
Locations/Entrance	Entrance
Locations/Level	Level
Locations/LevelUnknown	Level Unknown
Locations/Tailor	Tony the Tailor
Locations/Will	Will the Farmer
Locations/Hen	Henry the Chicken
Locations/Farm	White Sands Farm
Locations/Lake	Lake
Locations/Maze	Wheat Maze
Locations/UFOship	UFO Ship
Locations/WheatField	Wheat Field
Locations/UFOMaze	Mysterious Maze
Locations/DeeperMine	Deeper Mine
Locations/PowerPlant	Power Plant
Locations/ExpeditionMine	Mine
Locations/Mountain	Mountain
Locations/MountainRailWay	Railway Station
Locations/MountainRailWaySubText	out of 10
Locations/MountainTrader	Climber
Buff/Full	<b>Full</b>\nOm nom nom. \nYour fullness decreases slower.
Buff/Hungry	<b>Hungry</b>\nYou are very hungry. \nYour Preparedness decreases faster. \nYou should eat something.
Buff/NightTime	<b>Nighttime</b>\nIt's nighttime. \nYou can call it a day and go to sleep.
Buff/Sleeping	<b>Sleeping</b>\nYou are asleep. \nYour stamina is regenerating.
Buff/Sleepy	<b>Sleepy</b>\nYou're feeling drowsy.\nYour stamina decreases fast and you cannot nap.
Buff/Tired	<b>Tired</b>\nYou are very tired. \nYour Preparedness decreases faster. \nYou should have a nap or go to sleep.
Buff/Working	<b>Working</b>\nYou are working. \nYour stamina decreases faster.\nYour Preparedness decreases slower.
Buff/InGoodCondition	<b>In Good Condition</b>\nYou are well fed and well rested.\nYour Preparedness is not decreasing and you can work faster.
Buff/InBadCondition	<b>In Bad Condition</b>\nYour Preparedness is decreasing.\nGet your stamina and health over 50% to get into good condition!
Buff/Cold1	<b>Cold</b>\nYou are cold. Your stamina decreases faster.\nCraft some warm clothes to counter it.
Buff/Cold2	<b>Very Cold</b>\nYou are very cold. Your stamina and Preparedness decreases faster. \nCraft some warm clothes to counter it.
Buff/Cold3	<b>Freezing</b>\nYou are extremely cold! All your stats decrease fast!\nEquip warm clothes or run away from here! 
Buff/	
Buff/BeatenUpName	Beaten Up
Buff/BeatenUp1	<b>Beaten Up</b>\nRough night... Your max Preparedness is lowered. \nIt will go back to normal after you sleep through the night. 
Buff/BeatenUp2	<b>Beaten Up Twice</b>\nRough night... Your max Preparedness is halved. \nIt will get better after you sleep through the night. 
Buff/BeatenUp3	<b>Beaten Up Thrice</b>\nRough night... You know the drill.\nIt will get better after you sleep through the night. \nMake sure to sleep and eat a lot! Stay safe.
Buff/Poison	<b>Poison</b>\nYou are poisoned. Have you eaten something raw or old?\nYou will get less health points from food.\nYou need to wait it out or sleep it off.
Buff/Covard1	<b>Chicken</b>\nRunning from fights makes you feel... unPrepared.
Buff/Covard2	<b>Coward</b>\nRunning from fights makes you feel unPrepared.\nWin a fight or go to sleep to fix that.
Buff/Covard3	<b>Co- Co- Co- Coward</b>\nRunning from fights makes you feel unPrepared.\nWin a fight or go to sleep to fix that.
Buff/KeepCalm	<b>Keep Calm</b>\nYour attributes are not changing during conversation.
Buff/AgentP	<b>Agent Happy</b>\nYour Agent's Report was positive.\nYour Preparedness decreases slower.
Buff/AgentN	<b>Agent Unhappy</b> \nYour Agent's Report was negative. \nYour Preparedness decreases faster.
Buff/UFO	A UFO will apear on the farm on Sunday.
Buff/PreUFO	Something will happen on a farm at 3 AM on Sunday.
Buff/PrePreUFO	Something happens on a farm on Sunday.
Buff/BestfirendDog1	<b>Comfort Animal</b>\nA dog is a man's best friend.\nYou feel more prepared. 
Buff/BestfirendDog2	<b>Best Friend</b>\nA true friend leaves paw prints on your heart.\nYou feel even more prepared. 
Buff/BestfirendDog3	<b>Companion for Life</b>\nDogs are not our whole life, but they make our lives whole.\nYou feel prepared for everything with your best friend. 
Buff/BestFriend	Dogs are not our whole life, but they make our lives whole.' -- Roger Caras
Buff/Preppared	<b>Prepared</b>\nYour preparedness regenerates for a limited time.
Buff/GamingTime	<b>Gaming Time</b>\nYour preparedness does not decrease and time moves slower.
Buff/Irradiation1	<b>Low-dose Ionized</b>\nYou received a small dose of radiation.\nYou lose preparedness a bit faster. 
Buff/Irradiation2	<b>Radiation Burn</b>\nYou lose preparedness fast. \nLeave the contaminated area and remove radioactive items from your inventory.
Buff/Irradiation3	<b>Acute Radiation Syndrome</b>\nYoOu re((|3ved a sUb$tan4_ial d0se of r4d|at|on. You l%se pr#pare-ness f@st. \nLe4ve the co%tami$ated ar#a and re&ove radio@#ctive it#ms fr.m your inv&*tory.
Buff/Climb	<b>Climbing Strain</b>\nYour stamina decreases much faster.
Buff/Bonfire1	<b>Campfire Resting</b>\nYour stamina regenerats over time.
Buff/Bonfire2	<b>Lit Campfire Resting</b>\nYour stamina regenerats fast over time.
Buff/WarmedUp	<b>Warmed Up</b>\nYou are partialy protected from coldness.
Buff/ChalkedHands1	<b>Bearly Chalked Hands</b>\nClimbing is easier. This buff deteriorates while climbing and is nearly gone.
Buff/ChalkedHands2	<b>Well-Chalked Hands</b>\nClimbing is easier. This buff deteriorates while climbing.
Buff/ColdAcclimation	<b>Cold Acclimation</b>\nYou have some coldness resistance. Your stamina decrease slower. \nWhile this buff persist you can't use Cryo Sleep Pod.
Buff/ImprovedHealth	<b>Improved Health</b>\nYour max health is temporarily increased.
Buff/ImprovedStamina	<b>Improved Stamina</b>\nYour max stamina is temporarily increased.
Buff/ImprovedPreparedness	<b>Improved Preparedness</b>\nYour max preparedness is temporarily increased.
Fonts/Standard	Handwritten font
Fonts/Letter	Handwritten font
Quests/herb1	
Quests/quest1_description	ENG Idź panie wilka wychłostaj
Quests/quest1_name	ENG Zielarka
Quests/quest2_description	ENG Zabij wilka
Quests/quest2_name	ENG Wilk
Images/preparationStart	Preparation Start
Images/escapePlan	Escape Plan
Images/runPrepper	Run, Prepper, Run
Images/ready	Ready to go?
Images/	
Images/imgPreparationStart	prepStart
Images/imgReady	rocket_ready
Images/imgRun	escape_icon
Journal/herbq1Title	The Granny and the Wolf
Journal/herbq1	Jenny, the local herbalist, has asked me to kill the wolf standing in the way to her cabin. I would need to fix the ropeway to get to him. It would also be nice not to fight the beast empty-handed.
Journal/herbq1::1	Repair the ropeway in the forest.
Journal/herbq1::2	Kill the wolf that blocks the way to Jenny's cabin on forest level 2.
Journal/herbq1::3	Visit Jenny at her cabin.
Journal/herbqDEMO	Jenny has asked me to grow $item$ for her.
Journal/herbq2Title	Mushrooms
Journal/herbq2	Jenny has asked me to bring her <color=yellow>8 mushrooms</color> from the mine. She want to use it to make tea.
Journal/herbq2bck	Jenny has asked me to bring her $item$ from the mine. She want to use it to make tea.
Journal/herbq2::1	Bring Jenny <color=yellow>8 mushrooms</color> from the mine.
Journal/herbq2::1bck	Bring Jenny $item$ from the mine.
Journal/herbq2::2	To be continued in full version
Journal/herbq3Title	Exotic Fruits
Journal/herbq3	Jenny has asked me to bring her <color=yellow>8 guarana</color> from the forest. I need to repair the ropeway on forest level 2 to get there.
Journal/herbq3bck	Jenny has asked me to bring her $item$ from the forest. I need to repair the ropeway on forest level 2 to get there.
Journal/herbq3::1	Repair the ropeway in the forest level 2.
Journal/herbq3::2	Bring Jenny <color=yellow>8 guarana</color> from forest level 3.
Journal/herbq3::2bck	Bring Jenny $item$ from forest level 3.
Journal/herbq4Title	Underground Plantation
Journal/herbq4	Jenny has asked me to grow guarana plants seeds and bring her my harvest. <color=yellow>20 guarana</color> should be enough.
Journal/herbq4bck	Jenny has asked me to grow guarana plants seeds and bring her my harvest. $item$ should be enough.
Journal/herbq4::1	Plant 4 guarana seeds.
Journal/herbq4::2	Bring Jenny <color=yellow>20 guarana</color>.
Journal/herbq4::2bck	Bring Jenny $item$.
Journal/herbq5Title	Air Crash Investigation
Journal/herbq5	Jenny has asked me to clear the way to the crashed plane in the forest. I will need to repair the ropeway on forest level 4 to get there.
Journal/herbq5::1	Repair the ropeway on forest level 4.
Journal/herbq5::2	Find the plane wreckage on forest level 5.
Journal/herbq6Title	Be More Exotic
Journal/herbWaitTitle	Jenny
Journal/herbWait::1	Visit Jenny at her cabin.
Journal/herbq6	Jenny needs even more guarana. She has asked me to bring her <color=yellow>99 guarana</color>.
Journal/herbq6bck	Jenny needs even more guarana. She has asked me to bring her $item$.
Journal/herbq6::1	Bring Jenny <color=yellow>99 guarana</color>.
Journal/herbq6::1bck	Bring Jenny $item$.
Journal/herbq7Title	The Pill
Journal/herbq7	Jenny can't give me the pill yet. She said something about gaining trust of the Sleepless first. Wonder how can I do it?
Journal/herbq7::1	Find a way to get the pill from Jenny.
Journal/herbq8	quest 8
Journal/herbq9	quest 9
Journal/herbq10	quest 10
Journal/	
Journal/rocketInspirationTitle	New Escape Plan
Journal/rocketInspiration	I haven't come up with a good escape plan yet. I need to find some inspiration and make some more planning.
Journal/rocketInspiration::1	Find inspiration for your ultimate escape plan.
Journal/rocketPlan1	This rocket schematic is actually very inspiring…
Journal/rocketInspiration::2	Use the rocket image for inspiration for your ultimate escape plan.
Journal/herbFirstLetterTitle	The Herbalist
Journal/herbFirstLetter	A local herbalist can be met in the forest during the daytime.
Journal/herbFirstLetter::1	Go to the forest in the daytime and meet the herbalist.
Journal/minutMan1Title	Minuteman
Journal/minutMan1	A strange person calling himself 'Minuteman' sends letters to me. He had previously sent me a detailed rocket image, and now he wants a blueberry jam. I think I will make it for him as a token of goodwill.
Journal/minutMan1::1	Send Minuteman a jar of blueberry jam
Journal/minutMan2Title	Nuclear Warfare
Journal/minutMan2	Minuteman is looking for a good book about nuclear warfare. I need to find one.
Journal/minutMan2::1	Find a book about nuclear warfare.
Journal/minutMan2::2	Deliver the book about nuclear warfare to Minuteman.
Journal/minutMan3Title	Not Great, Not Terrible
Journal/minutMan3	Minuteman is getting more and more into the topic of atomic bombs and radioactivity. He appears to know something... Anyway, he wants a Geiger counter. I need to find one and deliver it to him.
Journal/minutMan3::1	Find a Geiger counter.
Journal/minutMan3::2	Deliver the Geiger counter to Minuteman.
Journal/minutMan4Title	Bless the President
Journal/minutMan4	Minuteman says there is an Agent who is dangerous to him, and by extension - to me. But he has a plan: he wants to discredit him in the Agency. I need to find an offensive and illegal object and find a way to plant it in the Agent's home.
Journal/minutMan4::1	Find an offensive and illegal item.
Journal/minutMan4::2	Convince the Postman to plant the offensive figurine.
Journal/minutMan5Title	Care Package 
Journal/minutMan5	Minuteman goes into hiding and needs some long lasting food. I will send him some.
Journal/minutMan5::1	Deliver long-lasting food to Minuteman.
Journal/minutMan6Title	Locked & Loaded
Journal/minutMan6	Minuteman feels in danger and needs some firepower to defend himself with. 
Journal/minutMan6::1	Deliver a rifle and some ammunition to Minuteman.
Journal/minutMan7	m7
Journal/minutMan8	m8
Journal/minutMan4::3	Ask the Postman about the illegal delivery.
Journal/ForestPillarTitle	Into the Woods
Journal/ForestPillar	The ropeway in the forest would be a great way to move around, but it's long broken. I should fix it.
Journal/ForestPillar::1	Repair the forest ropeway on level 1 (<color=yellow>lever</color>).
Journal/ForestPillar::1bck	Repair the forest ropeway on level 1 ($items$).
Journal/ForestPillar::2	Repair the forest ropeway on level 2 (<color=yellow>lever</color>, <color=yellow>15 metal</color>).
Journal/ForestPillar::2bck	Repair the forest ropeway on level 2 ($items$).
Journal/ForestPillar::3	Repair the forest ropeway on level 3 (<color=yellow>lever</color>, <color=yellow>20 metal</color>, <color=yellow>10 plastic</color>).
Journal/ForestPillar::3bck	Repair the forest ropeway on level 3 ($items$).
Journal/ForestPillar::4	Repair the forest ropeway on level 4 (<color=yellow>lever</color>, <color=yellow>20 plastic</color>, <color=yellow>10 electronics</color>).
Journal/ForestPillar::4bck	Repair the forest ropeway on level 4 ($items$).
Journal/ForestPillar::5	Repair the forest ropeway on level 5 (<color=yellow>lever</color>, <color=yellow>30 electronics</color>, <color=yellow>30 metal</color>).
Journal/ForestPillar::5bck	Repair the forest ropeway on level 5 ($items$).
Journal/RocketTitle	The Countdown
Journal/Rocket	I need to escape from here. I have decided to build a functional rocket. 
Journal/Rocket::1	Build a rocket silo (<color=yellow>50 stone</color>, <color=yellow>20 metal</color>, <color=yellow>10 glass</color>).
Journal/Rocket::1bck	Build a rocket silo ($items$).
Journal/Rocket::2	Finish phase 2 of building a rocket. Item needed: <color=yellow>60 metal</color>, <color=yellow>20 plastic</color>, <color=yellow>Artificial Horizon</color>.
Journal/Rocket::2bck	Finish phase 2 of building a rocket. Item needed: $items$.
Journal/Rocket::3	Finish phase 3 of building a rocket. Item needed: <color=yellow>20 electronics</color>, <color=yellow>40 metal</color>, <color=yellow>Hydrogen</color>.
Journal/Rocket::3bck	Finish phase 3 of building a rocket. Item needed: $items$.
Journal/Rocket::4	Finish phase 4 of building a rocket. Item needed: <color=yellow>50 plastic</color>, <color=yellow>20 electronics</color>, <color=yellow>10 textile</color>, <color=yellow>Rocket control module</color>.
Journal/Rocket::4bck	Finish phase 4 of building a rocket. Item needed: $items$.
Journal/FoodSource1Title	Ultimate Plan
Journal/FoodSource1	I should start with checking my ultimate plan.
Journal/FoodSource1::1	Check your ultimate escape plan.
Journal/FoodSource2Title	Self-Reliant
Journal/FoodSource2	I need to establish a food source for myself.
Journal/FoodSource2::1	Place 5 patches of soil in your bunker.
Journal/FoodSource2::2	Collect 5 bags of seeds.
Journal/FoodSource2::3	Plant the seeds.
Journal/FoodSource2::4	Provide plants with water and light.
Journal/FoodSource4	Provide plants with water and light
Journal/AfterFoodSource	Food source ready. I should go back to my ultimate escape plan.
Journal/UltimatePlanTitle	Ultimate Plan
Journal/UltimatePlan::AfterFoodSource	Check your ultimate escape plan.
Journal/joeq1Title	Mind Control Protection
Journal/joeq0	Broken revolver
Journal/joeq0::1	Bring the broken revolver to Joe.
Journal/joeq1	Joe seeks to protect himself from the mind-controlling waves he believes are around. He wants tinfoil for this, of course.
Journal/joeq1::1	Bring Joe <color=yellow>1 foil</color>.
Journal/joeqWaitTitle	Joe
Journal/joeqWait::1	Come another day.
Journal/joeq2Title	The Missing Cryptid
Journal/joeq2	Chupacabra, Joe's beloved dog, is missing. I need to help find him.
Journal/joeq2::1	Repair the forest ropeway on level 3.
Journal/joeq2::2	Find Chupacabra in the forest.
Journal/joeq2::3	Come back to Joe.
Journal/joeqWait::2	Try coming another day for something new.
Journal/joeq3Title	Radio Free North America
Journal/joeq3	There are rumours about a broadcast in English coming from Mexico, warning American citizens and exposing lies of the government. I want to catch it somewhere from the desert.
Journal/joeq3::1	Bring Joe <color=yellow>5 electronics</color>.
Journal/joeq3::1bck	Bring Joe $item$.
Journal/joeq3::2	Come back to Joe later.
Journal/joeq3::3	Catch the signal.
Journal/joeq3::4	Come back to Joe and tell him about the broadcast.
Journal/fortObserverTitle	Who Observes the Observer?
Journal/fortObserver	I need to get to the Fort Observer and obtain a rocket control module from there.
Journal/fortObserver::1	Ask Joe about the location of Fort Observer.
Journal/fortObserver::2	Earn Joe's trust.
Journal/fortObserver::3	Ask Joe about Fort Observer.
Journal/fortObserver::4	Go to Fort Observer.
Journal/fortObserver::5	Find control module that you can use in your rocket.
Journal/fortObserver::6	Find a way to trick AI to release you with control module.
Journal/bobq1Title	This Elevator of Mine
Journal/bobq1	I met Bob, a slightly shady character taking care of the mine. He wants me to fix the elevator.
Journal/bobq1::1	Check the elevator.
Journal/bobq1::2	Fix the elevator. You need <color=yellow>10 metal</color>.
Journal/bobq1::2bck	Fix the elevator. You need $items$.
Journal/bobq1::3	Go back to Bob.
Journal/bobq2Title	Bob's Jacket
Journal/bobq2	Bob needs his warm jacket back. He has lost it somewhere in the mine.
Journal/bobq2::1	Find Bob's jacket.
Journal/bobq2::2	Get back to Bob with the jacket.
Journal/bobq3Title	Bob's Glasses
Journal/bobq3	Bob needs his glasses. I think I saw glasses on another Bob... 
Journal/bobq3::1	Find glasses for Bob.
Journal/bobq3::2	Get back to Bob with glasses.
Journal/bobq4Title	Ivy Bob: Hydrogen Storage
Journal/bobq4	There might be a hydrogen storage on level -5, even if Bob denies it.
Journal/bobq4::1	Take a look at level -5.
Journal/bobq5Title	Sleepless Base
Journal/bobq5	The Sleepless have their own base, apparently. It would be worth paying a visit.
Journal/bobq5::1	Follow Bob to the base at level -5.
Journal/bobq6Title	Bob's Proposition
Journal/bobq6	Bob needs help with the Operation Awakening. I should let the Sleepless know when I'm ready for the rocket launch.
Journal/bobq6::1	Put on a red light to notify the Sleepless about the incoming launch.
Journal/inFullVersion	(Available in full version)
Journal/endGameTitle	The Launch
Journal/endGame	It's time to end this and fly away.
Journal/endGame::1	Finish building the rocket.
Journal/endGame::2	Activate the alarm switch on the top floor to inform the Sleepless. (After doing that, there is no way back.)
Journal/endGame::3	Go to your backyard and wait for the Sleepless to arrive.
Journal/endGame::4	Say your goodbyes. 
Journal/endGame::5	Open the door to the Agent.
Journal/endGame::6	Escape.
Journal/missingPassTitle	Missing Mining Pass
Journal/missingPass	The pass to the level -4 of the mine is missing. I have to find it somewhere else.
Journal/missingPass::1	Find the mining pass to the level -4
Journal/letterTitle	Minuteman's Letter
Journal/letter	I have an unopened letter from Minuteman.
Journal/letter::1	Open the letter from Minuteman.
Journal/farmTitle	Animal Farm
Journal/farm	Visit the farm.
Journal/farm::1	Visit the farm.
Journal/farmPreFanceTitle	Work Order
Journal/farmPreFance	Check the situation on the farm.
Journal/farmPreFance::1	Check the situation on the farm.
Journal/farmPreFance::2	Come back to Will.
Journal/farmFanceTitle	Pen
Journal/farmFance	Repair the goats' pen. If the damage is too big, craft a new one at the workbench.
Journal/farmFance::1	Repair the goats' pen.
Journal/farmFance::2	Come back to Will.
Journal/farmWheatTitle	Grain
Journal/farmWheat	Feed the chickens and the goats. You need to gather some grain. 
Journal/farmWheat::1	Feed the chickens and the goats.
Journal/farmWheat::1.1	Wait for the animals to eat and check on them later.
Journal/farmWheat::1.2	Check on the animals.
Journal/farmWheat::2	Milk a goat.
Journal/farmWheat::3	Come back to Will.
Journal/farmSizzorsTitle	Shearing
Journal/farmSizzors	Shear the goats.
Journal/farmSizzors::1	Find the shears.
Journal/farmSizzors::2	Follow the dog.
Journal/farmSizzors::3	Ask Will about the dog.
Journal/farmSizzors::4	Give the Will's dog some rat meat.
Journal/farmSizzors::5	Shear the goats.
Journal/farmSizzors::6	Milk the goats.
Journal/farmSizzors::7	Go back to Will.
Journal/farmChickenHouseTitle	Chickens' Living Quarters
Journal/farmChickenHouse	Clean up space by the chickens' coop.
Journal/farmChickenHouse::1	Clean up space by the chickens' coop.
Journal/farmMilkAndEgssTitle	Milk and Eggs
Journal/farmMilkAndEgss	Bring  <color=yellow>3 cartons of milk</color> and <color=yellow>5 eggs</color> to Will
Journal/farmMilkAndEgss::1	Bring  <color=yellow>3 bottles of milk</color> and <color=yellow>5 eggs</color> to Will
Journal/farmWaitTitle	Will
Journal/farmWait	Come back to Will tomorrow.
Journal/farmWait::1	Come back to Will tomorrow.
Journal/farmLostAnimalsTitle	Lost animals
Journal/farmLostAnimals	Animals keep disappearing. Something must be done about this.
Journal/farmLostAnimals::1	Investigate what happened to the animals.
Journal/farmLostAnimals::2	Set up <color=yellow>3 bear traps with baits</color> behind the barn (requires workbench lvl 2).
Journal/farmLostAnimals::3	Check the traps tommorow.
Journal/farmLostAnimals::3.5	Report back to Will.
Journal/farmLostAnimals::4	Keep protecting the farm with traps.
Journal/farmLostAnimals::5	Check the traps.
Journal/farmMazeTitle	Maze
Journal/farmMaze	Go for a maze run.
Journal/farmMaze::1	Go for a maze run.
Journal/farmWait2Title	Will
Journal/farmWait2	Come back to Will tomorrow.
Journal/farmWait2::1	Come back to Will tomorrow.
Journal/farmAgentLegTitle	Black fabric
Journal/farmAgentLeg	I need to find out what is this black piece of fabric I have found in a trap.
Journal/farmAgentLeg::1	Ask Will about the black fabric.
Journal/farmAgentLeg::2	Find out who does this black fabric belong to.
Journal/farmAgentLeg::3	Confront the Agent about the black fabric.
Journal/farmSundayTitle	Sunday
Journal/farmSunday	The Agent warned me not to go to the farm on Sunday. Let's investigate why not.
Journal/farmSunday::1	Visit the farm on Sunday.
Journal/farmSunday::2	Wait for more clues to come up.
Journal/farmFindAnimalsTitle	Good Shepherd
Journal/farmFindAnimals	Find the missing animals.
Journal/farmFindAnimals::1b	Find someone who knows a thing or two about tracking devices.
Journal/farmFindAnimals::1a	Ask Joe about the tracking device.
Journal/farmFindAnimals::2	Come back to Joe tommorow.
Journal/farmFindAnimals::3	Find animals using Joe's tracking device ($x$/5 rescued).
Journal/farmGoFishingTitle	Fishing
Journal/farmGoFishing	Go fishing.
Journal/farmGoFishing::1	Go fishing.
Journal/farmBrokenCameraTitle	Broken Camera
Journal/farmBrokenCamera	Fix the broken camera.
Journal/farmBrokenCamera::1	Inspect the broken camera.
Journal/farmBrokenCamera::2	Find someone who can fix the broken camera.
Journal/farmBrokenCamera::3	Ask Joe about the broken camera.
Journal/farmBrokenCamera::4	Come back to Joe tomorrow.
Journal/farmConfrontationTitle	Confrontation
Journal/farmConfrontation	Spend the night at the farm on Sunday.
Journal/farmConfrontation::1	Spend the night at the farm on Sunday.
Journal/farmDestroyUFOTitle	The Wawel Dragon
Journal/farmDestroyUFO	Destroy the UFO.
Journal/farmDestroyUFO::1	Talk to Joe about possible ways to destroy the UFO.
Journal/farmDestroyUFO::2	Create a bomb out of a fake goat.
Journal/farmDestroyUFO::3	Plant the fake goat at the farm on Sunday.
Journal/farmFishQuestTitle	Fishing Time
Journal/farmFishQuest::1	Bring to Will and Henry a following fish: $x$
Journal/uraniumVisitJoeTitle	Glowing Glass
Journal/uraniumVisitJoe::1	Ask Joe about the strange glowing piece of glass.
Journal/uraniumMineTitle	Where's the uranium?
Journal/uraniumMine::1	Ask Bob about a possible Uranium Mine in Murricaville.
Journal/uraniumMine::2	Come back to Bob tomorrow.
Journal/uraniumMine::3	Search the lowest level of the mine with a Geiger Counter.
Journal/radiatedMushroomsTitle	Mutant Mushrooms
Journal/radiatedMushrooms::1	Show a radiated mushroom to Jenny.
Journal/radiatedMushrooms::2	Come back to Jenny tomorrow.
Journal/nuclearEngineeringTitle	Nuclear Engineering
Journal/nuclearEngineering::1	Ask Bob for a book about nuclear energy and engineering.
Journal/nuclearScientistQuestTitle	Scientist's Request
Journal/nuclearScientistQuest::1	Bring the following item to Dr. Edward: $item$
Journal/nuclearOldMaskQuestTitle	Keeping the Sleepless Sleepless
Journal/nuclearOldMaskQuest::1	Bring <color=yellow>5x energy drink</color> to the Sleepless.
Journal/nuclearExplorePowerPlantTitle	Power Plant
Journal/nuclearExplorePowerPlant	Explore the abandoned power plant.
Journal/nuclearExplorePowerPlant::1	Explore the abandoned power plant.
Journal/nuclearTalkToScientistTitle	Dr. Edward
Journal/nuclearTalkToScientist	Talk to Dr. Edward.
Journal/nuclearTalkToScientist::1	Talk to Dr. Edward.\nUse Anti-radiation extract (Optional).
Journal/nuclearScientistQuestStage1Title	Nuclear Power Plant
Journal/nuclearScientistQuestStage1::1	Complete all the scientist's requests from this stage $current$
Journal/nuclearScientistQuestStage1	Complete all the scientist's requests to help him fix the Nuclear Generator. I can always ask him for more details if I'm not sure where to find the requested item.
Journal/nuclearScientistQuestStage2Title	Repairing the Local Dam
Journal/nuclearScientistQuestStage2	Complete all the scientist's requests to help him fix the Local Dam. I can always ask him for more details if I'm not sure where to find the requested item.
Journal/nuclearScientistQuestStage2::1	Complete all the scientist's requests from this stage $current$
Journal/nuclearScientistQuestStage3Title	Power Plant Stabilization
Journal/nuclearScientistQuestStage3	Complete all the scientist's requests to help him stabilize the Nuclear Generator. I can always ask him for more details if I'm not sure where to find the requested item.
Journal/nuclearScientistQuestStage3::1	Complete all the scientist's requests from this stage $current$
Journal/nuclearScientistQuestStage4Title	Scientist's project: ???
Journal/nuclearScientistQuestStage4	Complete all the scientist's requests to help him... do whatever it is he's doing. I can always ask him for more details if I'm not sure where to find the requested item.
Journal/nuclearScientistQuestStage4::1	Complete all the scientist's requests from this stage $current$
Journal/nuclearScientistWaitTillNextDayTitle	Dr. Edward
Journal/nuclearScientistWaitTillNextDay::1	Come back to the Dr. Edward the next day.
Journal/nuclearStabilizeGeneratorTitle	Stabilize the Nuclear Generator
Journal/nuclearStabilizeGenerator	The scientist is out of his mind. I have to take stabilizing the generator into my own hands.
Journal/nuclearStabilizeGenerator::1	Find a way to stabilize the nuclear generator
Journal/nuclearStabilizeGenerator::2	I have to find a way to fix the overheating core and the damaged containment shell of the nuclear generator.
Journal/nuclearStabilizeGenerator::3	I have to find a way to fix the unstable core of the nuclear generator.
Journal/nuclearStabilizeGenerator::4	Craft the Nuclear Generator Refueler and the Deionizing Beacon
Journal/nuclearStabilizeGenerator::5	Craft the Reactor Safety System
Journal/nuclearStabilizeGenerator::6	Install the Reactor Safety System in the Nuclear Power Plant
Journal/mountainTitle	Mountain.
Journal/mountain	Check the mountain location.
Journal/mountain::1	Check the mountain location.
Journal/mountainCryoNotesTitle	Cryo-tech Notes
Journal/mountainCryoNotes	I want make a cryo sleep pod. I need to collect notes about cryo-tech experiments in the mountains.
Journal/mountainCryoNotes::1	Collect Cryo-tech notes ($x$/$y$)
Journal/mountainCryoSleepPodTitle	Cryo Sleep Pod
Journal/mountainCryoSleepPod	I starting to understand Agancy's cryo tech. I will try one of thayer designs - Cryo Sleep Pod.
Journal/mountainCryoSleepPod::1	Craft Cryo Sleep Pod
Journal/mountainCryoSleepPod::2	Try out Cryo Sleep Pod
Journal/mountainCryoSleepPod::3	Identify the cause of Cryo Sleep Pod malfunction
Journal/mountainCryoSleepPod::4	Calibrate Cryo Sleep Pod
Journal/mountainCryoSleepPod::5	Try Cryo Sleep Pod again
Journal/mountainSaveBlankTitle	Save Blank
Journal/mountainSaveBlank	Blank wants to use the cryo sleep pod on top of the mountain and she doesn't know that it need to by calibrated for her. I'm the only person that can save her life.
Journal/mountainSaveBlank::1	Learn more details about Blank ($x$/$y$)
Journal/mountainSaveBlank::2	Reach the mountain top.
Journal/mountainSaveBlank::3	Find Blank.
Journal/mountainSaveBlank::4	Inspect Blank's Cryo Sleep Pod.
Journal/mountainSaveBlank::5	Calibrate Blank's Cryo Sleep Pod.
Journal/mountainSaveBlank::6	Check back on Blank after some time. 
Journal/mountainSaveBlank::7	Check back on Blank. 
Articles/NP_Electricity_DamagedLines	Attention! As a result of an accident during military maneuvers, state high-voltage lines were interrupted. It is estimated that in the next few days the problem will be solved, however, the supply of electricity in some regions of the country may be withheld. If you have any questions or problems, please contact your local energy emergency services.
Articles/NP_Electricity_DamagedLines_Bold	
Articles/NP_Electricity_DamagedLines_Headline	Damaged high voltage lines
Articles/NP_Electricity_Reactor	Citizens! The government informs. As a result of the failure of the nuclear reactor in our largest state power plant, some households may temporarily be deprived of electric power. We apologize for any inconvenience. If repairs will occur as a prolonged event, our functionaries will make sure that every citizen has access to food and drinking water. Stay prepared.
Articles/NP_Electricity_Reactor_Bold	Reactor's failure
Articles/NP_Electricity_Reactor_Headline	Reactor
Articles/NP_Electricity_Thunderstorms	Meteorologists proclaim that next week will be exceptionally abundant in dangerous weather events, including storms. There may be power blackouts. Citizen, be aware! If there are characteristic signs in the sky, such as bright flares and rain and hail, stay home. If you are outside, take shelter in a nearby building or enter the car. Under no circumstances should you open an umbrella or stand under a tree.
Articles/NP_Electricity_Thunderstorms_Bold	Thunderstorms
Articles/NP_Electricity_Thunderstorms_Headline	Blackout
Articles/NP_Trade_Embargo	Citizens! Due to a treacherous embargo imposed by the foreign powers, the upcoming week will be particularly hard for us. The import of goods is inhibited and this will negatively affect trade.
Articles/NP_Trade_Embargo_Bold	No Trading
Articles/NP_Trade_Embargo_Headline	
Articles/NP_Trade_LabourDay	Embargo
Articles/	
Articles/NP_Trade_LabourDay_Bold	Labour Day
Articles/NP_Trade_LabourDay_Headline	Labour Day
Articles/NP_Trade_LostPostman	The local police informs that yesterday an investigation was initiated regarding the search for the missing Mr. Postman. We expect delays in the delivery of letters and other postal goods. All citizens who have been in contact with those missing in the last days are asked to provide information at the local police station. Remember, civic responsibility is the highest virtue.
Articles/NP_Trade_LostPostman_Bold	Lost Mr. Postman
Articles/NP_Trade_LostPostman_Headline	Postman
Articles/NP_Water_Pipeline	This week the weather wasn't exceptional. As a result of periodic glaciations in the northern parts of the country, the integrity of our main pipelines was compromised. We can expect the delivery of water to be stopped in a few days. Our workers will take care of the crisis as soon as possible. Support them, citizens, and stay prepared.
Articles/NP_Water_Pipeline_Bold	Pipeline failure.
Articles/NP_Water_Pipeline_Headline	Pipeline
Articles/NP_Water_Substances	The health service informs: citizen, drink only boiled water! There have been cases of serious illness after ingesting tap water. According to the local police and fire brigade, there are suspicious poisonous substances in the water. For further research and for the safety of our citizens, the supply of water will soon be cut off. We ask for your understanding. Remember! Your health is most important.
Articles/NP_Water_Substances_Bold	
Articles/NP_Water_Substances_Headline	Suspicious substances in water
Articles/NP_Water_Tame	As a result of an unexpected accident, the work of the great state dam on the East Coast will be stopped. The dam's employees started maintenance and repair work in order to resume the unit's functioning as soon as possible. If repairs get drawn out, our functionaries will make sure that every citizen has access to food and drinking water. Stay prepared.
Articles/NP_Water_Tame_Bold	Dam
Articles/NP_Water_Tame_Headline	Dam
Articles/ForeignNewspaperBobContent	Discussion continues after the last week's shooting rampage perpetrated by a 27-year old man in Nottingham. Commentators draw comparisons to previous attacks in Kyoto, Malaga, Tehran, and Erfurt. Despite the different methods of attacks, in each of these cases the perpetrator had no criminal record and no discernible political motive, and they seemed to choose their victims at random. Moreover, all of the attackers exhibited a very unusual behaviour: they fell asleep shortly after their rampages, making arresting them very easy.\n“The similarities are too striking to be accidental,” says Professor Clementine Montebello from University of Birmingham. “The profile of perpetrators and their modus operandi suggests a mind control technique of some sort is involved.”\nPoliticians are quicker to draw conclusions. “The attacks are obviously caused by the Brazen Serpent mind control satellite,” says Dominic Maralinga, the Foreign Secretary. “If the US administration does not shut down the programme immediately, there will be grave consequences.”\nThe White House has once again declined any comment on the matter.\n
Articles/ForeignNewspaperBobTitle	International Pressure on the US Mounts after Nottingham Attack\n
Articles/NP_SideArt_1	As the beneficial effects of the Brazen Serpent satellite on the health and wellbeing of American citizens persist, the foreign powers continue to slander our flagship project. Lavrentiy Pervukhin, the Soviet Union's Chairman of the Council of Ministers, has sounded his suspicion that the Brazen Serpent is a "mass surveillance tool aimed at our citizens", and British Empire's PM, Gilbert Ellice, has called it "a dangerous experiment on the population of the US and other countries". The President staunchly opposes depicting the Brazen Serpent as anything other than a very effective medical device. He says the foreign politicians spread lies out of jealousy, trying to hide their own incompetence in providing security and healthcare for their citizens.
Articles/NP_SideArt_1_Headline	Who's afraid of the Americans' good health?
Articles/NP_SideArt_2	The regenerative and protective effects of the Brazen Serpent waves are already well known, but the new study conducted by researchers from New Mexico University Alamogordo suggests that they are beneficial also to pets, especially dogs. Animals that received a dosage of healing waves were more obedient and less aggressive than the control group. Increased purring (in felines) and tail-wagging (in canines) were also reported. 
Articles/NP_SideArt_2_Headline	Brazen Serpent is also good for pets, study says
Articles/NP_SideArt_3	Remember: a good night's sleep makes you a better citizen! It lightens up your mood, reinforces your strength, and benefits your memory. A well-rested citizen is willing and ready to work for our country's prosperity, cooperates well with others and complies with all the security and wellbeing protocols. Don't be a sluggish night owl, citizen! Sleep well so you can rise and shine!
Articles/NP_SideArt_3_Headline	Good sleep is a citizen's work!
Articles/NP_SideArt_4	Officers of the Agency have raided a house of a man in Cactus Springs, Nevada, finding a sizeable collection of subversive materials, including banned books, unapproved textbooks, non-standard furniture, and an offensive image of the President. The owner has been interrogated in order to identify any accomplices and - after a prompt fair trial - sentenced to 30 years in a rehabilitation facility.
Articles/NP_SideArt_4_Headline	Subversive and offensive materials confiscated, owner sentenced
Articles/NP_SideArt_5_Headline	A new pathogen ravages Mexico, government unable to help the population
Articles/NP_SideArt_5	A newly discovered protozoan pathogen is responsible for an outbreak of a very infectious and highly deadly disease in Mexico. The protozoan spreads through contact, airborne transmission is also suspected. Mexican healthcare is overwhelmed, people die in hundreds. In order to avoid the "Mexican virus", as the President has called it in his speech, security alongside the US-Mexican border will be strengthened. Any contact with anyone coming from Mexico should be reported immediately.\nThe US citizens, however, have no reason to fear the new pathogen thanks to the protective waves of the Brazen Serpent. And as some new research from the University of California, San Diego indicates, the beneficial effects of the Brazen Serpent go even further than initially thought - the waves seem to be effective in alleviating and even curing dementia.
Inspect/state	Status
Inspect/noSeed	needs a new seed
Inspect/growing	growing
Inspect/growingFruits	growing
Inspect/needsWater	needs more water
Inspect/needsLight	needs more light
Inspect/readyForHarvest	ready for harvest
Inspect/notWorking	not working, maybe it needs something?
Inspect/working	working, please wait, not ready to collect
Inspect/ready	ready to collect
Inspect/nRain	needs rain
Inspect/overload	overload. not enough power.
Inspect/overload2	build generator or turn something off
Inspect/overloadToColor	overload.
Inspect/	
Inspect/herbBed	But grandmother! What small cabin do you have, said Little Prepp Riding Hood.
Inspect/herbDeerTrophy	A hunter's trophy? Perhaps there is more to the Herbalist than meets the eye.\nAnd what's the deal with these antlers?
Inspect/herbGrowingBox	A growing box. Somehow I have a feeling these are not only decorative plants.
Inspect/herbTV	There's nothing worthwhile on TV since the Plague, only news about successes of government, outdated educational programs, and old westerns.
Inspect/herbWeedHook	This is probably a weeding tool. But it could definitely kill you.
Inspect/herbDaisyGrubber	A gardening tool or a torture device? I don't trust the cute daisy painted on it. 
Inspect/bobHideoutSupPosters	Apart from his books and comics, Bob has a collection of posters. It might be the most colorful place in whole Murricaville.
Inspect/bobHideoutBeetle	I don't recognize this exotic language, but it looks like something about an invasion of deadly giant bugs. Very cool.
Inspect/bobHideoutBless	This poster just tells it like it is. I also like to start the day with saluting the president's head in the sky. 
Inspect/bobHideoutPC	A top-notch information technology. Too bad nobody had invented a wider network for these things.
Inspect/bobHideoutBoard	Post-it notes always make the interior look professional.
Inspect/bobSleeplessBasePillows	So here's where all the herbal teas from Jenny are being tested, I think.
Inspect/bobSleeplessBasePosters	Catchy. Properly disturbing. Not sure if effective, though.
Inspect/bobSleeplessBaseChairs	I wonder how many Sleepless are there. Do they hold regular meetings?
Inspect/bobSleeplessBaseContainers	There's a lot of dangerous stuff for an area that's supposedly full of hydrogen.
SteamAchievements/NEW_ACHIEVEMENT_1_0_NAME	Mr. Prepper's Path
SteamAchievements/NEW_ACHIEVEMENT_1_0_DESC	Press START GAME after selecting a slot
SteamAchievements/NEW_ACHIEVEMENT_1_1_NAME	Obvious from the beginning
SteamAchievements/NEW_ACHIEVEMENT_1_1_DESC	Finish the tutorial
SteamAchievements/NEW_ACHIEVEMENT_1_2_NAME	Little Prepp Riding Hood
SteamAchievements/NEW_ACHIEVEMENT_1_2_DESC	Kill all the wolves around Jenny's forest hut
SteamAchievements/NEW_ACHIEVEMENT_1_3_NAME	Atlas
SteamAchievements/NEW_ACHIEVEMENT_1_3_DESC	Build an underground rocket silo
SteamAchievements/NEW_ACHIEVEMENT_1_4_NAME	It's just a start!
SteamAchievements/NEW_ACHIEVEMENT_1_4_DESC	Get to day 15
SteamAchievements/NEW_ACHIEVEMENT_1_5_NAME	Prepp's Kitchen
SteamAchievements/NEW_ACHIEVEMENT_1_5_DESC	Cook your first dish
SteamAchievements/NEW_ACHIEVEMENT_1_6_NAME	Extreme Shelter Makeover
SteamAchievements/NEW_ACHIEVEMENT_1_6_DESC	Upgrade a room
SteamAchievements/NEW_ACHIEVEMENT_1_7_NAME	Old McDonald Had a Ranch House...
SteamAchievements/NEW_ACHIEVEMENT_1_7_DESC	Build 5 greenhouses
SteamAchievements/NEW_ACHIEVEMENT_1_8_NAME	Expander
SteamAchievements/NEW_ACHIEVEMENT_1_8_DESC	Build more than 7 rooms in the bunker
SteamAchievements/NEW_ACHIEVEMENT_1_9_NAME	If I Were a Rich Man
SteamAchievements/NEW_ACHIEVEMENT_1_9_DESC	Have 1000 coins in your pocket
SteamAchievements/NEW_ACHIEVEMENT_1_10_NAME	The Way of the Plant Eater
SteamAchievements/NEW_ACHIEVEMENT_1_10_DESC	Don't eat any meat for 7 days
SteamAchievements/NEW_ACHIEVEMENT_1_11_NAME	The Way of the Meat Eater
SteamAchievements/NEW_ACHIEVEMENT_1_11_DESC	Eat only meat for 7 days
SteamAchievements/NEW_ACHIEVEMENT_1_12_NAME	Scavenger
SteamAchievements/NEW_ACHIEVEMENT_1_12_DESC	Loot 25 boxes
SteamAchievements/NEW_ACHIEVEMENT_1_13_NAME	The Cook
SteamAchievements/NEW_ACHIEVEMENT_1_13_DESC	Cook 50 dishes
SteamAchievements/NEW_ACHIEVEMENT_1_14_NAME	Masterchef
SteamAchievements/NEW_ACHIEVEMENT_1_14_DESC	Cook 200 dishes
SteamAchievements/NEW_ACHIEVEMENT_1_15_NAME	The Negotiator
SteamAchievements/NEW_ACHIEVEMENT_1_15_DESC	Reach max level of negotiation skill
SteamAchievements/NEW_ACHIEVEMENT_1_16_NAME	The Builder
SteamAchievements/NEW_ACHIEVEMENT_1_16_DESC	Read a book about building
SteamAchievements/NEW_ACHIEVEMENT_1_17_NAME	The Agricultural Expert
SteamAchievements/NEW_ACHIEVEMENT_1_17_DESC	Reach max level of gardening skill
SteamAchievements/NEW_ACHIEVEMENT_1_18_NAME	I'll Do It Myself
SteamAchievements/NEW_ACHIEVEMENT_1_18_DESC	Reach max level of DIY skill
SteamAchievements/NEW_ACHIEVEMENT_1_19_NAME	Stay Healthy
SteamAchievements/NEW_ACHIEVEMENT_1_19_DESC	Read a book about healthy eating
SteamAchievements/NEW_ACHIEVEMENT_1_20_NAME	Karate Prepper
SteamAchievements/NEW_ACHIEVEMENT_1_20_DESC	Reach max level of martial art skill
SteamAchievements/NEW_ACHIEVEMENT_1_21_NAME	No Time to Sleep
SteamAchievements/NEW_ACHIEVEMENT_1_21_DESC	Read a book about sleep
SteamAchievements/NEW_ACHIEVEMENT_1_22_NAME	The Tinkerer
SteamAchievements/NEW_ACHIEVEMENT_1_22_DESC	Read a book about fuel saving
SteamAchievements/NEW_ACHIEVEMENT_1_23_NAME	Prepper 101
SteamAchievements/NEW_ACHIEVEMENT_1_23_DESC	Read a guide to prepping
SteamAchievements/NEW_ACHIEVEMENT_1_24_NAME	Arm Wrestler
SteamAchievements/NEW_ACHIEVEMENT_1_24_DESC	Reach max level of strength
SteamAchievements/NEW_ACHIEVEMENT_1_25_NAME	Project Iceworm
SteamAchievements/NEW_ACHIEVEMENT_1_25_DESC	Read a book about surviving in low temperatures
SteamAchievements/NEW_ACHIEVEMENT_1_26_NAME	Straight to the Grandma's House
SteamAchievements/NEW_ACHIEVEMENT_1_26_DESC	Reach max level of trust with Jenny
SteamAchievements/NEW_ACHIEVEMENT_1_27_NAME	Comics & Mining Convention
SteamAchievements/NEW_ACHIEVEMENT_1_27_DESC	Reach max level of trust with Bob
SteamAchievements/NEW_ACHIEVEMENT_1_28_NAME	Chupacabra Approved
SteamAchievements/NEW_ACHIEVEMENT_1_28_DESC	Reach max level of trust with Joe
SteamAchievements/NEW_ACHIEVEMENT_1_29_NAME	First Tool
SteamAchievements/NEW_ACHIEVEMENT_1_29_DESC	Craft a pickaxe
SteamAchievements/NEW_ACHIEVEMENT_1_30_NAME	Miner
SteamAchievements/NEW_ACHIEVEMENT_1_30_DESC	Use 50 units of fuel in the mining machines
SteamAchievements/NEW_ACHIEVEMENT_1_31_NAME	Observing the Past
SteamAchievements/NEW_ACHIEVEMENT_1_31_DESC	Reach Fort Observer
SteamAchievements/NEW_ACHIEVEMENT_33_0_NAME	The Best Penpal
SteamAchievements/NEW_ACHIEVEMENT_33_0_DESC	Reach max level of trust with Minuteman
SteamAchievements/NEW_ACHIEVEMENT_33_1_NAME	Home Decorator
SteamAchievements/NEW_ACHIEVEMENT_33_1_DESC	Have lamps in all colors at the same time
SteamAchievements/NEW_ACHIEVEMENT_33_2_NAME	Wolf Slayer
SteamAchievements/NEW_ACHIEVEMENT_33_2_DESC	Kill 100 wolves
SteamAchievements/NEW_ACHIEVEMENT_33_3_NAME	Sleepyhead
SteamAchievements/NEW_ACHIEVEMENT_33_3_DESC	Nap during the day
SteamAchievements/NEW_ACHIEVEMENT_33_4_NAME	Car Mechanic 
SteamAchievements/NEW_ACHIEVEMENT_33_4_DESC	Fix the car in the junkyard
SteamAchievements/NEW_ACHIEVEMENT_33_5_NAME	Rocketman
SteamAchievements/NEW_ACHIEVEMENT_33_5_DESC	Build the rocket
SteamAchievements/NEW_ACHIEVEMENT_33_6_NAME	Popular Kid
SteamAchievements/NEW_ACHIEVEMENT_33_6_DESC	Reach max level of trust with all sellers
SteamAchievements/NEW_ACHIEVEMENT_33_7_NAME	Kung Fu Fighting
SteamAchievements/NEW_ACHIEVEMENT_33_7_DESC	Kill a wolf with your fists only
SteamAchievements/NEW_ACHIEVEMENT_33_8_NAME	Gunslinger
SteamAchievements/NEW_ACHIEVEMENT_33_8_DESC	Fire 6 bullets in 3 seconds with a revolver
SteamAchievements/NEW_ACHIEVEMENT_33_9_NAME	Vampire Hunter
SteamAchievements/NEW_ACHIEVEMENT_33_9_DESC	Kill 60 bats
SteamAchievements/NEW_ACHIEVEMENT_33_10_NAME	Sleepless
SteamAchievements/NEW_ACHIEVEMENT_33_10_DESC	Get a drug to stay awake through the night
SteamAchievements/NEW_ACHIEVEMENT_33_11_NAME	Everything is Bob
SteamAchievements/NEW_ACHIEVEMENT_33_11_DESC	Inspect every plant in the game
SteamAchievements/NEW_ACHIEVEMENT_33_12_NAME	Novice Prepper
SteamAchievements/NEW_ACHIEVEMENT_33_12_DESC	Survive 1 month
SteamAchievements/NEW_ACHIEVEMENT_33_13_NAME	Intermediate Prepper
SteamAchievements/NEW_ACHIEVEMENT_33_13_DESC	Survive 2 months
SteamAchievements/NEW_ACHIEVEMENT_33_14_NAME	Advanced Prepper
SteamAchievements/NEW_ACHIEVEMENT_33_14_DESC	Survive 4 months
SteamAchievements/NEW_ACHIEVEMENT_33_15_NAME	The Original Prepper
SteamAchievements/NEW_ACHIEVEMENT_33_15_DESC	Survive 1 year
SteamAchievements/NEW_ACHIEVEMENT_33_16_NAME	Slacker
SteamAchievements/NEW_ACHIEVEMENT_33_16_DESC	Nap 3 times on 1 day
SteamAchievements/NEW_ACHIEVEMENT_33_17_NAME	No time to waste, there's prepping to do!
SteamAchievements/NEW_ACHIEVEMENT_33_17_DESC	Do not nap for 7 days
SteamAchievements/NEW_ACHIEVEMENT_33_18_NAME	Government Property
SteamAchievements/NEW_ACHIEVEMENT_33_18_DESC	Keep your house unchanged for 7 days
SteamAchievements/NEW_ACHIEVEMENT_33_19_NAME	Blueberrylicious
SteamAchievements/NEW_ACHIEVEMENT_33_19_DESC	Survive 7 days on blueberries only
SteamAchievements/NEW_ACHIEVEMENT_33_20_NAME	Booksmart
SteamAchievements/NEW_ACHIEVEMENT_33_20_DESC	Read all the skills books
SteamAchievements/NEW_ACHIEVEMENT_33_21_NAME	The Poacher
SteamAchievements/NEW_ACHIEVEMENT_33_21_DESC	Catch 50 animals with traps
SteamAchievements/NEW_ACHIEVEMENT_33_22_NAME	Invincible
SteamAchievements/NEW_ACHIEVEMENT_33_22_DESC	Complete the game without fainting
SteamAchievements/NEW_ACHIEVEMENT_33_23_NAME	Fair Trial
SteamAchievements/NEW_ACHIEVEMENT_33_23_DESC	Get arrested
SteamAchievements/NEW_ACHIEVEMENT_33_24_NAME	Gentleman
SteamAchievements/NEW_ACHIEVEMENT_33_24_DESC	Do not run for 7 days
SteamAchievements/NEW_ACHIEVEMENT_33_25_NAME	Speedrunner
SteamAchievements/NEW_ACHIEVEMENT_33_25_DESC	Finish the game in 30 days
SteamAchievements/NEW_ACHIEVEMENT_33_26_NAME	Counting Stars
SteamAchievements/NEW_ACHIEVEMENT_33_26_DESC	Collect all names in the credits
SteamAchievements/NEW_ACHIEVEMENT_33_27_NAME	Perfect Ending
SteamAchievements/NEW_ACHIEVEMENT_33_27_DESC	Get full ending
SteamAchievements/	
SteamAchievements/NEW_ACHIEVEMENT_33_29_NAME	White Sands Farm
SteamAchievements/NEW_ACHIEVEMENT_33_29_DESC	Visit the farm for the first time
SteamAchievements/NEW_ACHIEVEMENT_33_30_NAME	Employee of the Month
SteamAchievements/NEW_ACHIEVEMENT_33_30_DESC	Repair everything that can be repaired on the farm
SteamAchievements/NEW_ACHIEVEMENT_33_31_NAME	The Lake
SteamAchievements/NEW_ACHIEVEMENT_33_31_DESC	Discover the lake
SteamAchievements/NEW_ACHIEVEMENT_43_0_NAME	Abduction
SteamAchievements/NEW_ACHIEVEMENT_43_0_DESC	Get abducted by the UFO
SteamAchievements/NEW_ACHIEVEMENT_43_1_NAME	Until Dawn
SteamAchievements/NEW_ACHIEVEMENT_43_1_DESC	Escape the UFO 
SteamAchievements/NEW_ACHIEVEMENT_43_2_NAME	Skub the Shoemaker
SteamAchievements/NEW_ACHIEVEMENT_43_2_DESC	Destroy the UFO
SteamAchievements/NEW_ACHIEVEMENT_43_3_NAME	Search and Rescue
SteamAchievements/NEW_ACHIEVEMENT_43_3_DESC	Find all the missing animals
SteamAchievements/NEW_ACHIEVEMENT_43_4_NAME	Egg Hunt
SteamAchievements/NEW_ACHIEVEMENT_43_4_DESC	Collect 60 eggs from chickens
SteamAchievements/NEW_ACHIEVEMENT_43_5_NAME	Milkman
SteamAchievements/NEW_ACHIEVEMENT_43_5_DESC	Collect 100 milk units by milking animals
SteamAchievements/NEW_ACHIEVEMENT_43_6_NAME	Hamster-powered
SteamAchievements/NEW_ACHIEVEMENT_43_6_DESC	Have the whole shelter powered by hamsters only
SteamAchievements/NEW_ACHIEVEMENT_43_7_NAME	Beekeeper
SteamAchievements/NEW_ACHIEVEMENT_43_7_DESC	Collect 30 units of honey from beehives
SteamAchievements/NEW_ACHIEVEMENT_43_8_NAME	Dog Owner
SteamAchievements/NEW_ACHIEVEMENT_43_8_DESC	Reach the 1st friendship level with Xeno
SteamAchievements/NEW_ACHIEVEMENT_43_9_NAME	Dog Person
SteamAchievements/NEW_ACHIEVEMENT_43_9_DESC	Reach the 2nd friendship level with Xeno
SteamAchievements/NEW_ACHIEVEMENT_43_10_NAME	Best Friend
SteamAchievements/NEW_ACHIEVEMENT_43_10_DESC	Reach maximum friendship level with Xeno
SteamAchievements/NEW_ACHIEVEMENT_43_11_NAME	Gotta Pet 'Em All
SteamAchievements/NEW_ACHIEVEMENT_43_11_DESC	Pet all the animal types
SteamAchievements/NEW_ACHIEVEMENT_43_12_NAME	Maze Runner
SteamAchievements/NEW_ACHIEVEMENT_43_12_DESC	Unlock maximum maze level
SteamAchievements/NEW_ACHIEVEMENT_43_13_NAME	Night Runner
SteamAchievements/NEW_ACHIEVEMENT_43_13_DESC	Finish the 5th level of the night maze
SteamAchievements/NEW_ACHIEVEMENT_43_14_NAME	Golden Fish
SteamAchievements/NEW_ACHIEVEMENT_43_14_DESC	Catch golden fish
SteamAchievements/NEW_ACHIEVEMENT_43_15_NAME	The Fisher King
SteamAchievements/NEW_ACHIEVEMENT_43_15_DESC	Catch all the fish types
SteamAchievements/NEW_ACHIEVEMENT_43_16_NAME	Novice Fisherman
SteamAchievements/NEW_ACHIEVEMENT_43_16_DESC	Reach the novice fisherman rank
SteamAchievements/NEW_ACHIEVEMENT_43_17_NAME	Apprentice Fisherman
SteamAchievements/NEW_ACHIEVEMENT_43_17_DESC	Reach the apprentice fisherman rank
SteamAchievements/NEW_ACHIEVEMENT_43_18_NAME	Advanced Fisherman
SteamAchievements/NEW_ACHIEVEMENT_43_18_DESC	Reach the advanced fisherman rank
SteamAchievements/NEW_ACHIEVEMENT_43_19_NAME	Expert Fisherman
SteamAchievements/NEW_ACHIEVEMENT_43_19_DESC	Reach the expert fisherman rank
SteamAchievements/NEW_ACHIEVEMENT_43_20_NAME	Master Fisherman
SteamAchievements/NEW_ACHIEVEMENT_43_20_DESC	Reach the master fisherman rank
SteamAchievements/NEW_ACHIEVEMENT_44_1_NAME	Initiating Chain Reaction
SteamAchievements/NEW_ACHIEVEMENT_44_1_DESC	Visit the nuclear power plant for the first time
SteamAchievements/NEW_ACHIEVEMENT_44_2_NAME	Lab Assistant
SteamAchievements/NEW_ACHIEVEMENT_44_2_DESC	Finish stage 1 of scientist's item quests
SteamAchievements/NEW_ACHIEVEMENT_44_3_NAME	Junior Researcher
SteamAchievements/NEW_ACHIEVEMENT_44_3_DESC	Finish stage 2 of scientist's item quests
SteamAchievements/NEW_ACHIEVEMENT_44_4_NAME	Field Research Specialist
SteamAchievements/NEW_ACHIEVEMENT_44_4_DESC	Finish stage 3 of scientist's item quests
SteamAchievements/NEW_ACHIEVEMENT_44_5_NAME	Chief Science Partner
SteamAchievements/NEW_ACHIEVEMENT_44_5_DESC	Finish stage 4 of scientist fetch quests
SteamAchievements/NEW_ACHIEVEMENT_44_6_NAME	Talked Him Off the Tesla Coil
SteamAchievements/NEW_ACHIEVEMENT_44_6_DESC	Save the scientist from himself
SteamAchievements/NEW_ACHIEVEMENT_44_7_NAME	Radioactive Geocaching
SteamAchievements/NEW_ACHIEVEMENT_44_7_DESC	Find 20 radioactive items with Geiger counter
SteamAchievements/NEW_ACHIEVEMENT_44_8_NAME	Bikini Atoll
SteamAchievements/NEW_ACHIEVEMENT_44_8_DESC	Find a mannequin on the desert
SteamAchievements/NEW_ACHIEVEMENT_44_9_NAME	Environmental Consequences
SteamAchievements/NEW_ACHIEVEMENT_44_9_DESC	Find a rare mutated plant in the forest
SteamAchievements/NEW_ACHIEVEMENT_44_10_NAME	Meltdown Threshold
SteamAchievements/NEW_ACHIEVEMENT_44_10_DESC	Reach maximum level of irradiation
SteamAchievements/NEW_ACHIEVEMENT_44_11_NAME	Uranium Mine
SteamAchievements/NEW_ACHIEVEMENT_44_11_DESC	Enter the uranium mine
SteamAchievements/NEW_ACHIEVEMENT_44_12_NAME	Prize Collector
SteamAchievements/NEW_ACHIEVEMENT_44_12_DESC	Get 20 prize boxes using the crane machine
SteamAchievements/NEW_ACHIEVEMENT_44_13_NAME	Peaceful Atom
SteamAchievements/NEW_ACHIEVEMENT_44_13_DESC	Craft a nuclear generator
SteamAchievements/NEW_ACHIEVEMENT_44_14_NAME	When Life Gives You Lemons
SteamAchievements/NEW_ACHIEVEMENT_44_14_DESC	Buy 20 lemonades
SteamAchievements/NEW_ACHIEVEMENT_44_15_NAME	Expedition 33
SteamAchievements/NEW_ACHIEVEMENT_44_15_DESC	Complete expeditions to all locations at max level
SteamAchievements/NEW_ACHIEVEMENT_44_16_NAME	The Gadget
SteamAchievements/NEW_ACHIEVEMENT_44_16_DESC	Detonate Nuclear bomb
SteamAchievements/NEW_ACHIEVEMENT_44_17_NAME	Crane Machine Veteran
SteamAchievements/NEW_ACHIEVEMENT_44_17_DESC	Reach level 10 in the crane machine
SteamAchievements/NEW_ACHIEVEMENT_44_18_NAME	Two Birds, One Claw
SteamAchievements/NEW_ACHIEVEMENT_44_18_DESC	Win two prize boxes in a single crane machine move
New Text	kolrotr\t
afterDeath	You were unconscious for
days	days
day	day
dead	dead
fainted	fainted
houres	hours
houresUnder5	hours
hour	hour
minutes	minutes
minutesUnder5	minutes
minut	minute
dayShort	d
hourShort	h
minutShort	m
refresher	olin
test	The electricity has been cut off!
test2	force
Bought	bought
sold	SOLD
soldSale	No, thanks
inStock	in stock
inStockSale	needed
inspiration	Inspiration
and	and
Sell	Sell
Give	Give
total	total
demoFinished	        \n<color=#FFC700FF><size=175%>CONGRATULATIONS!\n<line-height=59%><color=#FFFFFFFF><size=100%>You have finished the demo.\nWe really hope that you have enjoyed it. Please feel free to share your feedback so we can make this game better.\n<line-height=70%>\n<pos=4%>Wanna continue playing?
yes	YES!
No	No
openAgent	Open the door, the Agent has come!
tutorialQ	Do you want to play the tutorial?
saveing	Saving
myCash	My cash
Buy	Buy
Inspect	Inspect
exitG	Exit
exitW	Exit to windows
Settings	Settings
exitM	Exit to menu
Hold	Hold
Controls	Controls
Audio	Audio
Results	Results
Volume	Volume
Game	Game
Graphics	Graphics
Music	Music
Ambient	Ambient
Effects	Effects
Always Run	Always Run
Language	Language
Keyboard Camera Speed	Keyboard Camera Speed
Keyboard Camera SpeedPort	Camera Speed
Screen Edge Camera Speed	Screen Edge Camera Speed
Show Tips	Show Tips
Resolution	Resolution
Fullscreen	Fullscreen
V-sync	V-sync
Brightness	Brightness
Antialiasing	Antialiasing
Extra Antialiasing	Extra Antialiasing
Depth Of Field	Depth Of Field
Ambient Occlusion	Ambient Occlusion
Ambient Obscurance	Ambient Obscurance
Bloom	Bloom
Shadow Quality	Shadow Quality
Texture Quality	Texture Quality
Detail Level	Detail Level
Forward Rendering	Forward Rendering
Attack Type	Attack Type
Low	Low
Medium	Medium
High	High
Framerate Limit	Framerate Limit
No Limit	No Limit
V-sync Limit	V-sync Limit
deposite	Deposit All
apply	Apply
takeAll	Take All
Journal	Journal
Gear	Gear
eatAll	Eat All
reload	Reload?
moreRocket	More of the rocket\nin the full version
traded	TRADED
Continue	Continue
New Game	New Game
Options	Options
Exit	Exit
Play	Play
Remove	Remove
TooHeavy	Too heavy
SomeNews	maybe some news?
NeedFuel	you need fuel
NeedWater	You need water
WrongContainer	not proper container
NotReady	Not ready
WayBlocked	Way is blocked
CantGo	Can't go there
saved	saved
time	time
NotPrepared	You were not prepared
PrologueExitShowcase0	FULL GAME\nINCLUDES
PrologueExitShowcase1	ROOM\nUPGRADES
PrologueExitShowcase2	WATER SUPPLY\nSYSTEMS
PrologueExitShowcase3	POWER SUPPLY\nSYSTEMS
PrologueExitShowcase4	VARIOUS FARM\nTYPES
PrologueExitShowcase5	MINING
PrologueExitShowcase6	FULL STORY AND\nQUEST SYSTEM
PrologueExitShowcase7	AND THAT IS ONLY\nTHE BEGINNING!
PrologueExitShowcase8	VISIT MR. PREPPER\nSTEAM PAGE
createDate	created
saveDate	saved
version	version
VersionsInfographicsPrologue	<size=125%><color=#FFDA3EFF>What's the prologue?</color></size>\n+ Tutorial\n+ Basic Mechanics\n+ Extended Mechanics\n+ Beginning of the story
VersionsInfographicsPrologueButton	<align="center"><size=125%><color=#FFDA3EFF>Wanna play prologue?</color></size>\n<size=125%><align="center"><cspace=1.4em>[click here]</cspace>
VersionsInfographicsDemo	<size=125%><color=#FFDA3EFF>What's the demo?</color></size>\n+ Tutorial\n+ Basic Mechanics
VersionsInfographicsDemoLabel	<size=125%><color=#FFDA3EFF>You're playing demo <align="center">right now</color></size>
Keep Cursor Inside Window	Keep the cursor inside the window
Display Mode	Display mode
Windowed	Window
Fullscreen Window	Borderless window
Maximized Window	Maximized window
Exclusive Mode	Fullscreen
Buffering	Buffering
Off	Off
Grain	Film grain
lightsMinigame	Lights On
blocksMinigame	Block Out
pushMe	Push me
FBaitRunoutPopup	I've run out of fishing bait.
FMissRodPopup	What...? Where is my fishing rod?
FEndOfFishsesPopup	All fish have run away.
mazeMinigameWin	You won!
FUIOpenPopup	You can't continue fishing with the equipment open.
mazeGranadesMinigameTitle	Throw Grenades
mazeShootingMinigameTitle	Shoot the Target
openingSoon	OPENING SOON
cast	Cast
quit	Quit
cancel	Cancel
toLake	To the lake
toFarm	To the farm
toWheat	To the Wheat Field
rank1	Novice
rank2	Apprentice
rank3	Advanced
rank4	Expert
rank5	Master
Change Combat Mode	Fight Mode
Chop Mine	Chop/Mine
Climb Down	Climb down
Climb Up	Climb up
Fast Forward TIme	Fast Forward Time
HoldButton	Hold
Swap	Transfer
Vibrations	Vibration
take	Take
mountainZone	zone
mountainZones	zones
Test/aaaaa	gfffs
