5	5
Keyboard Camera Speed	Keyboard Camera Speed
Options	Options
Continue	Continue
Exit	Exit
Бележки към актуализацията 1.43f (13.08.2026)	Бележки към актуализацията 1.43f (13.08.2026)
Credits	Credits
New Game	New Game
- Added 22 new items: Apple Smoothie, Orange Smoothie, Cactus Smoothie, Guarana Smoothie, Coffee Smoothie, Corn Salad, Sunflower Seed Salad, Beet Salad, Lemon Jam, Apple Jam, Orange Energy Bar, Lemon Energy Bar, Apple Energy Bar, Berries Energy Bar, Instant Ramen - Tomato Taste, Instant Ramen - Meat Taste, Dried Lemon, Roasted Corn, Roasted Chicken Leg, Empty Can, Empty Jar and PrepperMix\n- New mechanic - Temporary Attribute Buffs: Several old and new food items now provide a 24-hour increase to max Health, Stamina or Preparedness.\n- New mechanic - Permanent Attribute Buffs: Several old and new food items now provide a small permanent increase to max Health, Stamina or Preparedness after being eaten enough times.\n- PrepperMix: A new Stove replacement that can be crafted. It allows you to queue recipes and cook them automatically.\n- Food Info: Food item info cards now display detailed information about their effects, including Health, Stamina, Preparedness and more.\n- Empty Cans and Empty Jars: Some food items now return empty cans or empty jars that can be recycled.\n- Added an All category to the cooking panel.\n- Added an option to the crafting and cooking panels to display only recipes/blueprints for which you currently have the required ingredients/materials.\n- Some minor bug fixes. 	- Added 22 new items: Apple Smoothie, Orange Smoothie, Cactus Smoothie, Guarana Smoothie, Coffee Smoothie, Corn Salad, Sunflower Seed Salad, Beet Salad, Lemon Jam, Apple Jam, Orange Energy Bar, Lemon Energy Bar, Apple Energy Bar, Berries Energy Bar, Instant Ramen - Tomato Taste, Instant Ramen - Meat Taste, Dried Lemon, Roasted Corn, Roasted Chicken Leg, Empty Can, Empty Jar and PrepperMix\n- New mechanic - Temporary Attribute Buffs: Several old and new food items now provide a 24-hour increase to max Health, Stamina or Preparedness.\n- New mechanic - Permanent Attribute Buffs: Several old and new food items now provide a small permanent increase to max Health, Stamina or Preparedness after being eaten enough times.\n- PrepperMix: A new Stove replacement that can be crafted. It allows you to queue recipes and cook them automatically.\n- Food Info: Food item info cards now display detailed information about their effects, including Health, Stamina, Preparedness and more.\n- Empty Cans and Empty Jars: Some food items now return empty cans or empty jars that can be recycled.\n- Added an All category to the cooking panel.\n- Added an option to the crafting and cooking panels to display only recipes/blueprints for which you currently have the required ingredients/materials.\n- Some minor bug fixes. 
DLC is enabled.	DLC is enabled.
Join Discord	Join Discord
Follow	Follow
Add it to your Wishlist!	Add it to your Wishlist!
Разширението е активирано.	Разширението е активирано.
v1.43g	v1.43g
Добре дошъл в бета версията на DLC \Animal Farm\, приятно ми е да те видя тук! :)	Добре дошъл в бета версията на DLC \Animal Farm\, приятно ми е да те видя тук! :)
Промени в бета версията на DLC1	Промени в бета версията на DLC1
Текстовете с информация за клавишите за действие вече ще показват действителните текущи клавишни комбинации.\nПоправено е двойното звучене на ножа при удар.\nДобавени са две нови оръжия: пушка и алебарда, които могат да се намерят в търговията на Джо. \nДобавени са патрони за пушката.\nПодобрена анимация при стрелба с пушка.\nПоканата за фермата вече не може да бъде изхвърлена.\nСега можеш да сушиш мляко и да го превръщаш в сухо мляко в сушилнята.\nКозите и кравите вече не могат да ядат неограничено количество пшеница.\nУрокът по бой ще се показва правилно на стари запазени файлове.\nПоправено е припокриването на количеството материали с описанието в картите на предметите.\nВестникът вече няма да пада под земята.\nПоправено е невъзможността за атака след ходене по горската пътека.\nПоправена е неправилната ротация на героя на стълбата, докато се движи близо до прилепите в мините.\nДруги малки подобрения. \n	Текстовете с информация за клавишите за действие вече ще показват действителните текущи клавишни комбинации.\nПоправено е двойното звучене на ножа при удар.\nДобавени са две нови оръжия: пушка и алебарда, които могат да се намерят в търговията на Джо. \nДобавени са патрони за пушката.\nПодобрена анимация при стрелба с пушка.\nПоканата за фермата вече не може да бъде изхвърлена.\nСега можеш да сушиш мляко и да го превръщаш в сухо мляко в сушилнята.\nКозите и кравите вече не могат да ядат неограничено количество пшеница.\nУрокът по бой ще се показва правилно на стари запазени файлове.\nПоправено е припокриването на количеството материали с описанието в картите на предметите.\nВестникът вече няма да пада под земята.\nПоправено е невъзможността за атака след ходене по горската пътека.\nПоправена е неправилната ротация на героя на стълбата, докато се движи близо до прилепите в мините.\nДруги малки подобрения. \n
Промени в дневника 1.29s бета	Промени в дневника 1.29s бета
- коригирах позицията на кутията с плячка в минииграта Block Out, за да избегна ситуации, в които кутията не е достъпна.\n- ще получиш чертеж за ножици при първото им придобиване.\n- сега можеш да избереш дали да филетиш отделни риби или всички риби в купчина.\n- поправих проблем с животните, които не могат да ядат от хранилката, когато всички слотове на хранилката са заети едновременно.\n- поправих ножиците, които изчезваха.\n- дрехите за фермата могат да бъдат изхвърлени.\n- поправих невъзможността да се използва WSAD за движение на камерата в пшеничния лабиринт.\n- поправих козите, които вървяха върху хранилките.\n- поправих замръзванията на местата за поява на врагове и при пътуване в мините.\n- забавих презареждането на оръжието след изпразване на пълнителя, за да избегна странни анимационни смеси.\n- поправих звуците на ножиците по време на битка.\n- добавих правилни звуци за атака и удар с въдицата.\n- добавих липсващи описания за: алебарда, пушка, патрони за пушка.\n- поправих обърканото име на тиквената супа.\n- поправих показването на резервните патрони за пушка в интерфейса.	- коригирах позицията на кутията с плячка в минииграта Block Out, за да избегна ситуации, в които кутията не е достъпна.\n- ще получиш чертеж за ножици при първото им придобиване.\n- сега можеш да избереш дали да филетиш отделни риби или всички риби в купчина.\n- поправих проблем с животните, които не могат да ядат от хранилката, когато всички слотове на хранилката са заети едновременно.\n- поправих ножиците, които изчезваха.\n- дрехите за фермата могат да бъдат изхвърлени.\n- поправих невъзможността да се използва WSAD за движение на камерата в пшеничния лабиринт.\n- поправих козите, които вървяха върху хранилките.\n- поправих замръзванията на местата за поява на врагове и при пътуване в мините.\n- забавих презареждането на оръжието след изпразване на пълнителя, за да избегна странни анимационни смеси.\n- поправих звуците на ножиците по време на битка.\n- добавих правилни звуци за атака и удар с въдицата.\n- добавих липсващи описания за: алебарда, пушка, патрони за пушка.\n- поправих обърканото име на тиквената супа.\n- поправих показването на резервните патрони за пушка в интерфейса.
Бележки към пача 1.29u бета	Бележки към пача 1.29u бета
Събирането на яйца и мед, доенето и бръсненето дават готовност.\nДвойното щракване върху животно в инвентара вече не го убива.\nНяма повече пилета (и други животни) заклещени под земята или телепортиращи се в грешната стая при зареждане.\nПоправен е проблемът с сандъка от лабиринта, който се превръщаше в минен сандък.\nРегулиран е иконката на патроните за пушката.\nКритичните удари вече са достъпни срещу врагове с високо здраве още от началото.\nБутонът за разширяване на стаите е променен на по-привличащ вниманието цвят.\nУловът на риба дава готовност.\nАктуализиран е минималният ниво на приятелство с ксеносите, което активира специални поведения.\nПоправени са проблеми с календара.\nАктуализирани са размерите и позицията на декорациите в аквариума.\nАктуализирано е максималното количество пропуснати събития в риболовната мини-игра.\nПоправен е редът на рибите на табелата до езерото.	Събирането на яйца и мед, доенето и бръсненето дават готовност.\nДвойното щракване върху животно в инвентара вече не го убива.\nНяма повече пилета (и други животни) заклещени под земята или телепортиращи се в грешната стая при зареждане.\nПоправен е проблемът с сандъка от лабиринта, който се превръщаше в минен сандък.\nРегулиран е иконката на патроните за пушката.\nКритичните удари вече са достъпни срещу врагове с високо здраве още от началото.\nБутонът за разширяване на стаите е променен на по-привличащ вниманието цвят.\nУловът на риба дава готовност.\nАктуализиран е минималният ниво на приятелство с ксеносите, което активира специални поведения.\nПоправени са проблеми с календара.\nАктуализирани са размерите и позицията на декорациите в аквариума.\nАктуализирано е максималното количество пропуснати събития в риболовната мини-игра.\nПоправен е редът на рибите на табелата до езерото.
Бележки към пача 1.29w бета	Бележки към пача 1.29w бета
Поправени са бъгове със засядане на стълбите.\nАгентът вече няма да те обвинява неправилно, че нямаш диван.\nДобавена е кафемашина към работната маса ниво 2.\nДобавени са 2 варианта кухненски шкафове към работната маса ниво 2.\nВече не можеш да превърташ времето бързо, докато караш в пустинята.\nПоправена е грешка с криене на кучешко леговище по време на разследване от агент.\nОбновен е шрифтът и форматът на промените в дневника.\nАктуализирано е поведението на вестниците за кучета.\nПроменено е оформлението на бутоните за риболовен текст.\nПоправена е невъзможността да се задават графични настройки от основното меню.\nПоправен е бъг с неправилно задаване на език по подразбиране.	Поправени са бъгове със засядане на стълбите.\nАгентът вече няма да те обвинява неправилно, че нямаш диван.\nДобавена е кафемашина към работната маса ниво 2.\nДобавени са 2 варианта кухненски шкафове към работната маса ниво 2.\nВече не можеш да превърташ времето бързо, докато караш в пустинята.\nПоправена е грешка с криене на кучешко леговище по време на разследване от агент.\nОбновен е шрифтът и форматът на промените в дневника.\nАктуализирано е поведението на вестниците за кучета.\nПроменено е оформлението на бутоните за риболовен текст.\nПоправена е невъзможността да се задават графични настройки от основното меню.\nПоправен е бъг с неправилно задаване на език по подразбиране.
Бележки към пача 1.29y бета	Бележки към пача 1.29y бета
- Added a <b>mystery blueprint</b> to Joe's trade, what can it be!?\n- Workbench box is now a regular container, you can put anything you want in there.\n- While disassembling, materials will go straight to the player's inventory instead of workbench box.\n- Adjusted fishing rod crafting recipes.\n- You can't disassemble shotguns anymore.\n- Improved critical hit effect 	- Added a <b>mystery blueprint</b> to Joe's trade, what can it be!?\n- Workbench box is now a regular container, you can put anything you want in there.\n- While disassembling, materials will go straight to the player's inventory instead of workbench box.\n- Adjusted fishing rod crafting recipes.\n- You can't disassemble shotguns anymore.\n- Improved critical hit effect 
Бележки към пача 1.29z бета	Бележки към пача 1.29z бета
- Поправи грешката в показването на зареждане на муниции.\n- Поправи бъговете на работната маса.\n- Животните на Уил вече имат някои аксесоари за допълнителна индивидуалност.\n- Поправи рецептата за кафе машината.\n- Поправи описанието на оръжието с Тесла бобина.\n- Поправи съвета за смяна на оръжие [Q], който не се замества с действителния клавиш.\n- При изработката на предмети, ще превключва автоматично към таба с оборудване в инвентара.	- Поправи грешката в показването на зареждане на муниции.\n- Поправи бъговете на работната маса.\n- Животните на Уил вече имат някои аксесоари за допълнителна индивидуалност.\n- Поправи рецептата за кафе машината.\n- Поправи описанието на оръжието с Тесла бобина.\n- Поправи съвета за смяна на оръжие [Q], който не се замества с действителния клавиш.\n- При изработката на предмети, ще превключва автоматично към таба с оборудване в инвентара.
Бележки към актуализацията 1.30а бета	Бележки към актуализацията 1.30а бета
Нов ефект на попадение за Tesla Coil Gun.\nTesla Coil Gun вече има \верижен светкавичен ефект\.\ Електричеството ще се разпространи към близките врагове.\nПодобрено движение на пилетата във фермата. Вече няма да тичат на място близо до оградата.\nПоправени пренаписания на клавиши, които не присъстваха в някои текстове от туториала: Първа битка, Бързо грабване, Бързо напред.\nПоправен колидерът на Тъск.\nПодобрен потребителски интерфейс за приятелство с Ксено.\nПодобрени звуци на кафе машината.\nМалки промени в потребителския интерфейс за подсказки при риболов.\nКогато разглобяваш предмет, който има множество цветови варианти, сега ще получаваш рецепти за всички цветови варианти наведнъж (например чаши или тенджери).\nДобавен нов, по-добър туториал за битката.\nДобавени крави, които се разхождат във фермата.	Нов ефект на попадение за Tesla Coil Gun.\nTesla Coil Gun вече има \верижен светкавичен ефект\.\ Електричеството ще се разпространи към близките врагове.\nПодобрено движение на пилетата във фермата. Вече няма да тичат на място близо до оградата.\nПоправени пренаписания на клавиши, които не присъстваха в някои текстове от туториала: Първа битка, Бързо грабване, Бързо напред.\nПоправен колидерът на Тъск.\nПодобрен потребителски интерфейс за приятелство с Ксено.\nПодобрени звуци на кафе машината.\nМалки промени в потребителския интерфейс за подсказки при риболов.\nКогато разглобяваш предмет, който има множество цветови варианти, сега ще получаваш рецепти за всички цветови варианти наведнъж (например чаши или тенджери).\nДобавен нов, по-добър туториал за битката.\nДобавени крави, които се разхождат във фермата.
Бележки към пача 1.30b бета	Бележки към пача 1.30b бета
- Бъфът на агента вече зависи от нивото, а не от общата подозрителност.\n- Поправено е описанието на бъфа на агента.\n- Добавени са действия по подразбиране за козите - сега можеш да ги стрижеш и доиш с ляв бутон.\n- Поправен е бъг, който позволяваше безплатни ремонти на неща като въжената линия и оградата във фермата след избор на опцията \почисти\ до кокошарника.\n- Добавен е бърз съвет за събиране на яйца.\n- Подобрено е бягането на животните от играча и спирането им при границите на стаята.\n- Препър вече няма да има крака леко под земята, когато ходи от житната нива до езерото.\n- Добавен е съвет за събиране на пшеница в житната нива.\n- Ксено сега ще се появява случайно във фермата.\n- Една кафемашина вече не е подозрителна.\n- Променени са материалите за кухненската качулка и хлебната кутия, за да отразяват по-добре размера на тези предмети.\n- Диалогът \няма нищо за събиране\ вече не фокусира камерата.	- Бъфът на агента вече зависи от нивото, а не от общата подозрителност.\n- Поправено е описанието на бъфа на агента.\n- Добавени са действия по подразбиране за козите - сега можеш да ги стрижеш и доиш с ляв бутон.\n- Поправен е бъг, който позволяваше безплатни ремонти на неща като въжената линия и оградата във фермата след избор на опцията \почисти\ до кокошарника.\n- Добавен е бърз съвет за събиране на яйца.\n- Подобрено е бягането на животните от играча и спирането им при границите на стаята.\n- Препър вече няма да има крака леко под земята, когато ходи от житната нива до езерото.\n- Добавен е съвет за събиране на пшеница в житната нива.\n- Ксено сега ще се появява случайно във фермата.\n- Една кафемашина вече не е подозрителна.\n- Променени са материалите за кухненската качулка и хлебната кутия, за да отразяват по-добре размера на тези предмети.\n- Диалогът \няма нищо за събиране\ вече не фокусира камерата.
Бележки към актуализацията 1.30d бета	Бележки към актуализацията 1.30d бета
Добавихме промени в дневника на главния меню 😉\nБойната система е преработена.\nДвубутонна атака (ляв и десен бутон) или изберете различен стил на атака в настройките, за да отговарят на вашите предпочитания. Можете също така да се върнете към старата бойна система.\nДобавихме три нови оръжия: пушка-помпа, алебарда и мистериозно оръжие от тайнствен чертеж (всички са достъпни в търговията на Джо).\nДобавихме нов тип муниции: патрони за пушка.\nПодобрихме анимациите и ефектите при атака.\nДобавихме критични удари.\nКнигата по бойни изкуства 1 отключва способността да се движите свободно, докато атакувате, а Книгата по бойни изкуства 2 ви дава шанс за критичен удар срещу всеки враг.\nПодобрихме камерата по време на последователни битки, за да елиминираме прекомерното приближаване и отдалечаване при вълни от врагове.\nДобавихме ново обучение за бой.\nПроменихме стандартната клавишна комбинация за смяна на оръжие от Q на F. По подразбиране, Q и E са бутоните за атака.\nТекстовете с информация за клавишите вече показват действителните текущи клавишни комбинации.\nПоправихме замръзванията на местата за поява на врагове и при пътуване в мините.\nПроменихме цвета на бутона за разширяване на стаите, за да е по-забележим.\nАктуализирахме календара с дни от седмицата и възможността да гледате бъдещи и предишни месеци.\nДобавихме два варианта на кухненски шкаф към работната маса ниво 2 (преди това достъпни само в творчески режим).\nКутията за работилница вече е обикновен контейнер, където можете да слагате всичко, което искате и да разглобявате предмети от там.\nМатериалите сега отиват директно в инвентара на играча вместо в кутията на работната маса при разглобяване на предмети.\nПри изработка на предмети за оборудване автоматично ще превключва към таба с оборудването в инвентара.\nПри разглобяване на предмет, който има множество цветови варианти, сега получавате рецептите за всички цветови варианти наведнъж (например чаши или тенджери).\nВсички скъпоценни камъни вече винаги ще се появяват в опциите за продажба на Боб.\nВече няма да се заклещвате по горските пътеки при определени ситуации.\nДобавихме таб \Всичко\ в прозореца за творчески режим.\nПо-добри количества предмети в прозореца за творчески режим.\nПредметите вече няма да изтичат в мрежата за творчески режим.\nМожете да изхвърляте задачи от инвентара, използвайки иконата за кошчето.\nДруги малки подобрения на творческия режим.\nПо време на пауза Препър вече няма да зарежда много диалози едновременно.\nНяколко промени в настройките за съмнение на предмети.\nБъфът на агента сега зависи от нивото, а не от общото съмнение.\nПоправихме бъфа на агента, който нямаше правилно описание.\nНяколко малки промени в рецептите за изработка.\nАктуализирахме кредитите.\nБутонът за кредити е добавен към главния меню.\nПоправихме правописна грешка, която предизвикваше неправилно съобщение при опит на играча да купи нещо от автомат с пълен капацитет.\nДобавихме времето в локациите.\nМеханизмът за изяждане на всичко сега е достъпен в зависимост от количеството хранителни точки или издръжливост, които дава храната (предметите, които дават много точки, няма да имат опция за изяждане на всичко, за да се предотврати загуба на предмети).\nПоправихме визуален бъг, който възникваше при преместване на оборудвани предмети директно в сцената.\nИзображенията в сцената вече няма да покриват диалози (например иконите за електричество).\nПоправихме бъг, който караше ключовете да се включват по подразбиране, но да не работят, докато играчът не ги изключи и включи отново.\nПодобрихме показването на теглото на предметите, за да позволим повече от две цифри.\nПодобрихме смяната на цветовете на диалозите.\nПоправихме системата за бъфове, за да предотвратим ситуации, в които иконите на бъфовете не се показват правилно.\nКогато Препър си ляга, получава бъфа \запази спокойствие\ за да предотврати припадък преди заспиване.\nПоправихме неправилното показване на плана за ракета след завършване на строителството.\nПоправихме функционирането на търговията по време на пауза.\nФенерчето автоматично се изключва по време на разговори с NPC-та.\nВестникът вече няма да пада под земята.\nРазлични малки промени в потребителския интерфейс.\nДруги малки подобрения и корекции	Добавихме промени в дневника на главния меню 😉\nБойната система е преработена.\nДвубутонна атака (ляв и десен бутон) или изберете различен стил на атака в настройките, за да отговарят на вашите предпочитания. Можете също така да се върнете към старата бойна система.\nДобавихме три нови оръжия: пушка-помпа, алебарда и мистериозно оръжие от тайнствен чертеж (всички са достъпни в търговията на Джо).\nДобавихме нов тип муниции: патрони за пушка.\nПодобрихме анимациите и ефектите при атака.\nДобавихме критични удари.\nКнигата по бойни изкуства 1 отключва способността да се движите свободно, докато атакувате, а Книгата по бойни изкуства 2 ви дава шанс за критичен удар срещу всеки враг.\nПодобрихме камерата по време на последователни битки, за да елиминираме прекомерното приближаване и отдалечаване при вълни от врагове.\nДобавихме ново обучение за бой.\nПроменихме стандартната клавишна комбинация за смяна на оръжие от Q на F. По подразбиране, Q и E са бутоните за атака.\nТекстовете с информация за клавишите вече показват действителните текущи клавишни комбинации.\nПоправихме замръзванията на местата за поява на врагове и при пътуване в мините.\nПроменихме цвета на бутона за разширяване на стаите, за да е по-забележим.\nАктуализирахме календара с дни от седмицата и възможността да гледате бъдещи и предишни месеци.\nДобавихме два варианта на кухненски шкаф към работната маса ниво 2 (преди това достъпни само в творчески режим).\nКутията за работилница вече е обикновен контейнер, където можете да слагате всичко, което искате и да разглобявате предмети от там.\nМатериалите сега отиват директно в инвентара на играча вместо в кутията на работната маса при разглобяване на предмети.\nПри изработка на предмети за оборудване автоматично ще превключва към таба с оборудването в инвентара.\nПри разглобяване на предмет, който има множество цветови варианти, сега получавате рецептите за всички цветови варианти наведнъж (например чаши или тенджери).\nВсички скъпоценни камъни вече винаги ще се появяват в опциите за продажба на Боб.\nВече няма да се заклещвате по горските пътеки при определени ситуации.\nДобавихме таб \Всичко\ в прозореца за творчески режим.\nПо-добри количества предмети в прозореца за творчески режим.\nПредметите вече няма да изтичат в мрежата за творчески режим.\nМожете да изхвърляте задачи от инвентара, използвайки иконата за кошчето.\nДруги малки подобрения на творческия режим.\nПо време на пауза Препър вече няма да зарежда много диалози едновременно.\nНяколко промени в настройките за съмнение на предмети.\nБъфът на агента сега зависи от нивото, а не от общото съмнение.\nПоправихме бъфа на агента, който нямаше правилно описание.\nНяколко малки промени в рецептите за изработка.\nАктуализирахме кредитите.\nБутонът за кредити е добавен към главния меню.\nПоправихме правописна грешка, която предизвикваше неправилно съобщение при опит на играча да купи нещо от автомат с пълен капацитет.\nДобавихме времето в локациите.\nМеханизмът за изяждане на всичко сега е достъпен в зависимост от количеството хранителни точки или издръжливост, които дава храната (предметите, които дават много точки, няма да имат опция за изяждане на всичко, за да се предотврати загуба на предмети).\nПоправихме визуален бъг, който възникваше при преместване на оборудвани предмети директно в сцената.\nИзображенията в сцената вече няма да покриват диалози (например иконите за електричество).\nПоправихме бъг, който караше ключовете да се включват по подразбиране, но да не работят, докато играчът не ги изключи и включи отново.\nПодобрихме показването на теглото на предметите, за да позволим повече от две цифри.\nПодобрихме смяната на цветовете на диалозите.\nПоправихме системата за бъфове, за да предотвратим ситуации, в които иконите на бъфовете не се показват правилно.\nКогато Препър си ляга, получава бъфа \запази спокойствие\ за да предотврати припадък преди заспиване.\nПоправихме неправилното показване на плана за ракета след завършване на строителството.\nПоправихме функционирането на търговията по време на пауза.\nФенерчето автоматично се изключва по време на разговори с NPC-та.\nВестникът вече няма да пада под земята.\nРазлични малки промени в потребителския интерфейс.\nДруги малки подобрения и корекции
Бележки към актуализацията 1.30к - Бойна актуализация и пускане на допълнителния пакет "Животновъдна ферма"	Бележки към актуализацията 1.30к - Бойна актуализация и пускане на допълнителния пакет "Животновъдна ферма"
Поправени са бъгове, които можеха да попречат на задачата за хранене на животни да не се актуализира правилно.\nПоправен е грешен ден в календара.\nUI на минииграта лабиринт ще бъде по-видим през нощта.\nПоправено е повтарящото се аудио на макарата за риболов.\nПоправен е бъг, който можеше да остави буфа за приятелство с Xeno след като той избяга.\nНяма повече прекомерно лаене към празна купа.\nXeno ще яде по-малко месо.\nПоправена е грешка, която можеше да попречи на местоположението White Sands Farm да не се отключи.	Поправени са бъгове, които можеха да попречат на задачата за хранене на животни да не се актуализира правилно.\nПоправен е грешен ден в календара.\nUI на минииграта лабиринт ще бъде по-видим през нощта.\nПоправено е повтарящото се аудио на макарата за риболов.\nПоправен е бъг, който можеше да остави буфа за приятелство с Xeno след като той избяга.\nНяма повече прекомерно лаене към празна купа.\nXeno ще яде по-малко месо.\nПоправена е грешка, която можеше да попречи на местоположението White Sands Farm да не се отключи.
Бележки към пача 1.30м	Бележки към пача 1.30м
Подобрихме задачата за черната платнена материя, за да стане по-лесна за изпълнение в определени ситуации.\nДървените трупи вече ще се появяват по-бързо на лесен режим.\nОтстранихме бъг, който пречеше хамстерите да получат някакво засищане от яденето на сено.\nХамстерите вече ще ядат по-малко и ще търсят храна два дни след като са били сити, тъй като съхраняват храна в бузите си.\nОбновленията на стаите от DLC Farm вече могат да бъдат изработвани, а играчите ще получат чертеж след разглобяването им.\nПроменихме шрифта в туториала за риболов, за да поддържа повече езици.\nПодобрихме китайските шрифтове.\nПодобрихме японските шрифтове.	Подобрихме задачата за черната платнена материя, за да стане по-лесна за изпълнение в определени ситуации.\nДървените трупи вече ще се появяват по-бързо на лесен режим.\nОтстранихме бъг, който пречеше хамстерите да получат някакво засищане от яденето на сено.\nХамстерите вече ще ядат по-малко и ще търсят храна два дни след като са били сити, тъй като съхраняват храна в бузите си.\nОбновленията на стаите от DLC Farm вече могат да бъдат изработвани, а играчите ще получат чертеж след разглобяването им.\nПроменихме шрифта в туториала за риболов, за да поддържа повече езици.\nПодобрихме китайските шрифтове.\nПодобрихме японските шрифтове.
Бележки към актуализацията 1.30н	Бележки към актуализацията 1.30н
- Fixed back path intractable after ufo boss fight\n- Fixed boss fight not loading back properly if you win and die at the same time\n- Added Keep Calm buff to Combat Tutorial\n- Fixed barn hole autorepairing \n- Fixed xeno runaway dialogues appearing on start game\n- Fixed highlight button when minigame ended and started again 	- Fixed back path intractable after ufo boss fight\n- Fixed boss fight not loading back properly if you win and die at the same time\n- Added Keep Calm buff to Combat Tutorial\n- Fixed barn hole autorepairing \n- Fixed xeno runaway dialogues appearing on start game\n- Fixed highlight button when minigame ended and started again 
Бележки към пача 1.30о	Бележки към пача 1.30о
Поправено е забиването на риболова в пясъчника.\nДобавена е минииграта за риболов, чиято трудност се мащабира според трудността на играта.\nУвеличен е маржът за грешни дълги събития при кликване в минииграта за риболов.\nДобавени са меса към търговията с ловджийката.\nНякои предложения в супермаркета ще бъдат малко по-евтини.	Поправено е забиването на риболова в пясъчника.\nДобавена е минииграта за риболов, чиято трудност се мащабира според трудността на играта.\nУвеличен е маржът за грешни дълги събития при кликване в минииграта за риболов.\nДобавени са меса към търговията с ловджийката.\nНякои предложения в супермаркета ще бъдат малко по-евтини.
Бележки към пача 1.30п	Бележки към пача 1.30п
Поправени са многократно появяващите се предмети след приключението с кучето.\nДобавена е възможност за възстановяване на свежестта на рибите, когато се поставят в аквариум.\nПоправен е цикълът на смъртта в лабиринта на НЛО и други проблеми, свързани с битката срещу боса.\nРибите ще изтичат след 2 дни, но вече няма да изтичат в аквариумите.\nХраната в купата за кучета ще изтича малко по-бавно.\nПоправена е оставането на зеления цвят при избор на предмет след поставянето му.\nКучето яде яйца.	Поправени са многократно появяващите се предмети след приключението с кучето.\nДобавена е възможност за възстановяване на свежестта на рибите, когато се поставят в аквариум.\nПоправен е цикълът на смъртта в лабиринта на НЛО и други проблеми, свързани с битката срещу боса.\nРибите ще изтичат след 2 дни, но вече няма да изтичат в аквариумите.\nХраната в купата за кучета ще изтича малко по-бавно.\nПоправена е оставането на зеления цвят при избор на предмет след поставянето му.\nКучето яде яйца.
Бележки към актуализацията 1.30р (15.03.2023)	Бележки към актуализацията 1.30р (15.03.2023)
- Fixed \Go fishing\ quest stuck in journal\n- Fixed rare bugs that could occur while switching between save files, such as weather changing every few seconds or being stuck in the UFO maze with a constant \You should go to sleep\ pop-up.\n- Rain should not pass through the bunker anymore.\n- No more loud BANG sound when the rain starts.\n- When starting a new game without the tutorial, you will begin with full stamina and satiation. 	- Fixed \Go fishing\ quest stuck in journal\n- Fixed rare bugs that could occur while switching between save files, such as weather changing every few seconds or being stuck in the UFO maze with a constant \You should go to sleep\ pop-up.\n- Rain should not pass through the bunker anymore.\n- No more loud BANG sound when the rain starts.\n- When starting a new game without the tutorial, you will begin with full stamina and satiation. 
Бележки към пача 1.30s (16.03.2023)	Бележки към пача 1.30s (16.03.2023)
Работната маса вече ще има подходящи сблъсъци за разположението си на всеки етаж (така че сега можеш да поставяш светлини над работните маси на по-ниските етажи).\nДобавено е предупреждение при отключване на усъвършенстваната бойна система при четене на книгата \Обезкуражаване и отмъщение\.\nДобавена е опция в настройките за игра, която позволява да се спре атаката (само след като си прочел \Обезкуражаване и отмъщение\).\nПшеницата може да се изсуши в сушилня и да се превърне в брашно.\nПоправено е оставането на червен избор след поставяне на предмет.	Работната маса вече ще има подходящи сблъсъци за разположението си на всеки етаж (така че сега можеш да поставяш светлини над работните маси на по-ниските етажи).\nДобавено е предупреждение при отключване на усъвършенстваната бойна система при четене на книгата \Обезкуражаване и отмъщение\.\nДобавена е опция в настройките за игра, която позволява да се спре атаката (само след като си прочел \Обезкуражаване и отмъщение\).\nПшеницата може да се изсуши в сушилня и да се превърне в брашно.\nПоправено е оставането на червен избор след поставяне на предмет.
Бележки към актуализацията 1.30т (17.03.2023)	Бележки към актуализацията 1.30т (17.03.2023)
Поправено скриване/показване на кучешката бърлога\nАктуализирано поведение на спящото куче (сега, когато агентът пристигне, Xeno не може да спи)\nПоправен рядък случай на задачата "Доене на коза", която не се актуализира правилно\nПоправени корейски шрифтове\nDLC преведено на нови езици: френски, японски, италиански, испански	Поправено скриване/показване на кучешката бърлога\nАктуализирано поведение на спящото куче (сега, когато агентът пристигне, Xeno не може да спи)\nПоправен рядък случай на задачата "Доене на коза", която не се актуализира правилно\nПоправени корейски шрифтове\nDLC преведено на нови езици: френски, японски, италиански, испански
Бележки към актуализацията 1.30u (23.03.2023)	Бележки към актуализацията 1.30u (23.03.2023)
Добавен е кафемашина.\nДобавени са кафеени зърна.\nОтглеждай свои собствени растения с кафеени зърна.\nDLC преведено на нови езици: френски, японски, италиански, испански.\nПоправен визуален конфликт между шапката на рибаря и слънчевите очила.\nМожеш да запазиш играта като подремнеш.\nПоправени са двойните предложения за месо от Ловкачката.\nДобавени са попъпи \Твърде рано\ и \Твърде късно\ в минииграта за риболов.\nВ лабиринта враговете ще се появяват по-бързо.\nПоправена е възможността постижението Hamster Powered да се отключва, когато не трябва.\nПоправена е възможността за създаване на двойни стаи в ограничена зона.	Добавен е кафемашина.\nДобавени са кафеени зърна.\nОтглеждай свои собствени растения с кафеени зърна.\nDLC преведено на нови езици: френски, японски, италиански, испански.\nПоправен визуален конфликт между шапката на рибаря и слънчевите очила.\nМожеш да запазиш играта като подремнеш.\nПоправени са двойните предложения за месо от Ловкачката.\nДобавени са попъпи \Твърде рано\ и \Твърде късно\ в минииграта за риболов.\nВ лабиринта враговете ще се появяват по-бързо.\nПоправена е възможността постижението Hamster Powered да се отключва, когато не трябва.\nПоправена е възможността за създаване на двойни стаи в ограничена зона.
Бележки към актуализацията 1.30y	Бележки към актуализацията 1.30y
Малки подобрения в производителността за животните.\nПоправен е проблемът със засядането в режим на битка в пустинята, когато една от змиите избяга.\nПоправени са отрицателните числа в информацията за рибарските задачи, когато достигнете максималния ранг на рибаря.\nПоправен е рядък бъг, при който последователността на разговора между г-жа Агент и Уил продължава да се активира всеки път, когато влезете в местоположението на фермата.\nПоправена е битката с боса във Форт Обзървър, която се задейства в грешния момент.\nПоправени са проблеми с посещенията на агенти в режим на трудност (иконите в календара не се актуализират правилно, агентът не идва, когато трябва, и т.н.).\nПоправен е проблемът с кафемашината, която става неизползваема след прекъсване на тока.\nХамстерите вече няма да замръзват по време на работните часове, ако в стаята им няма колело.\nПоправена е грешката, при която нощният лабиринт не се активира правилно в 18 часа.\nМоже би е поправен бъгът, при който засядате на рибарския мост.\nЗнакът за въпрос до настройките за битка в основното меню вече работи правилно.	Малки подобрения в производителността за животните.\nПоправен е проблемът със засядането в режим на битка в пустинята, когато една от змиите избяга.\nПоправени са отрицателните числа в информацията за рибарските задачи, когато достигнете максималния ранг на рибаря.\nПоправен е рядък бъг, при който последователността на разговора между г-жа Агент и Уил продължава да се активира всеки път, когато влезете в местоположението на фермата.\nПоправена е битката с боса във Форт Обзървър, която се задейства в грешния момент.\nПоправени са проблеми с посещенията на агенти в режим на трудност (иконите в календара не се актуализират правилно, агентът не идва, когато трябва, и т.н.).\nПоправен е проблемът с кафемашината, която става неизползваема след прекъсване на тока.\nХамстерите вече няма да замръзват по време на работните часове, ако в стаята им няма колело.\nПоправена е грешката, при която нощният лабиринт не се активира правилно в 18 часа.\nМоже би е поправен бъгът, при който засядате на рибарския мост.\nЗнакът за въпрос до настройките за битка в основното меню вече работи правилно.
Бележки към актуализацията 1.31c	Бележки към актуализацията 1.31c
Нови функции:\n- Добавени са две миниигри на компютъра на г-н Препър: Undead Hell и Freedom Road (купи ги от търговците).\n- Добавени са събития за миниигри - победи рекордите, за да получиш награди.\n- Добавен е бонус време за игра, докато играеш миниигра.\n- Добавен е изследовател на изображения с концептуални изкуства на компютъра на г-н Препър.\n- Добавен е бележник с дневника на г-н Препър на компютъра му.\n\nПоправки на бъгове:\n- Поправен е проблемът с неработещото оръдие Tesla Coil в пустинята.\n- Настройки за подозрение към предмети от Farm DLC са коригирани.\n- Вече не можеш да преминаваш през стените на кораба НЛО (Farm DLC).\n- Поправен е проблемът с невъзможността да се показва информация в подсказка върху иконата на събитието на календара за зачеркнатите дни.\n- Поправен е проблемът с показването на множество събития на НЛО в един и същи ден на календара (Farm DLC).\n- Малки корекции в сцените от Farm DLC.\n- Други дребни поправки	Нови функции:\n- Добавени са две миниигри на компютъра на г-н Препър: Undead Hell и Freedom Road (купи ги от търговците).\n- Добавени са събития за миниигри - победи рекордите, за да получиш награди.\n- Добавен е бонус време за игра, докато играеш миниигра.\n- Добавен е изследовател на изображения с концептуални изкуства на компютъра на г-н Препър.\n- Добавен е бележник с дневника на г-н Препър на компютъра му.\n\nПоправки на бъгове:\n- Поправен е проблемът с неработещото оръдие Tesla Coil в пустинята.\n- Настройки за подозрение към предмети от Farm DLC са коригирани.\n- Вече не можеш да преминаваш през стените на кораба НЛО (Farm DLC).\n- Поправен е проблемът с невъзможността да се показва информация в подсказка върху иконата на събитието на календара за зачеркнатите дни.\n- Поправен е проблемът с показването на множество събития на НЛО в един и същи ден на календара (Farm DLC).\n- Малки корекции в сцените от Farm DLC.\n- Други дребни поправки
Бележки към актуализацията 1.31н	Бележки към актуализацията 1.31н
Препър скоро ще празнува своята трета годишнина! Въпреки че работим по нови проекти, продължаваме да слушаме твоите предложения и да правим подобрения в играта. Този път сме подготвили значителен пакет с нови езици за разширението "Животновъдна ферма". Ето пълния списък:\n\n- Холандски\n- Турски \n- Шведски\n- Тайландски\n- Чешки\n- Португалски	Препър скоро ще празнува своята трета годишнина! Въпреки че работим по нови проекти, продължаваме да слушаме твоите предложения и да правим подобрения в играта. Този път сме подготвили значителен пакет с нови езици за разширението "Животновъдна ферма". Ето пълния списък:\n\n- Холандски\n- Турски \n- Шведски\n- Тайландски\n- Чешки\n- Португалски
Бележки към актуализацията 1.32c	Бележки към актуализацията 1.32c
Нови функции:\n- Добавена е опция за завъртане на предмети с десния бутон на мишката (ДБМ)\n- Добавена е опция за зареждане на едно от последните 30 запаметявания по всяко време\n- Добавена е опция за сортиране на инвентарни предмети и предмети в кутии\n\nПоправки на бъгове и други:\n- ГЛЕМТИЯТ ПОПРАВКА НА СТЪЛБАТА, ДЪЛГО ОЧАКВАНА, КНЕЕЛ ПРЕД НЕЯ\n- Поправен е проблемът с това, че г-н Препър винаги трябваше да завърши изкачването или слизането по стълба, преди да може да му се даде заповед да отиде някъде другаде\n- Поправена е възможността за многократно отвличане, което не беше предвидено\n- Поправен е проблемът с невъзможността за преместване на камерата с клавишите WSAD за известно време след влачене на предмет в инвентара\n- Добавени са някои липсващи преводи	Нови функции:\n- Добавена е опция за завъртане на предмети с десния бутон на мишката (ДБМ)\n- Добавена е опция за зареждане на едно от последните 30 запаметявания по всяко време\n- Добавена е опция за сортиране на инвентарни предмети и предмети в кутии\n\nПоправки на бъгове и други:\n- ГЛЕМТИЯТ ПОПРАВКА НА СТЪЛБАТА, ДЪЛГО ОЧАКВАНА, КНЕЕЛ ПРЕД НЕЯ\n- Поправен е проблемът с това, че г-н Препър винаги трябваше да завърши изкачването или слизането по стълба, преди да може да му се даде заповед да отиде някъде другаде\n- Поправена е възможността за многократно отвличане, което не беше предвидено\n- Поправен е проблемът с невъзможността за преместване на камерата с клавишите WSAD за известно време след влачене на предмет в инвентара\n- Добавени са някои липсващи преводи
Бележки към актуализацията 1.33а	Бележки към актуализацията 1.33а
Нови функции:\n- Персонализиран игрови режим\n- Опции за персонализация на играта\n- Форма за обратна връзка за настройките на персонализирания игрови режим\n\nПоправки на грешки и други промени:\n- Отстранени проблеми, при които г-н Препър се заклещва или изчезва, докато лови риба или влиза в моста за риболов.\n- В ход са някои корекции на цените на търговците.\n- Поправена грешка, която позволяваше да се вземат монитори от Форт Наблюдател.\n- Деактивирана е ротацията на кафе машината.\n- Поправена грешка, свързана с връщането на кучето.\n- Поправена е сортировката на дните в прозореца Зареди предишни дни.\n- заедно с много други по-малки поправки.	Нови функции:\n- Персонализиран игрови режим\n- Опции за персонализация на играта\n- Форма за обратна връзка за настройките на персонализирания игрови режим\n\nПоправки на грешки и други промени:\n- Отстранени проблеми, при които г-н Препър се заклещва или изчезва, докато лови риба или влиза в моста за риболов.\n- В ход са някои корекции на цените на търговците.\n- Поправена грешка, която позволяваше да се вземат монитори от Форт Наблюдател.\n- Деактивирана е ротацията на кафе машината.\n- Поправена грешка, свързана с връщането на кучето.\n- Поправена е сортировката на дните в прозореца Зареди предишни дни.\n- заедно с много други по-малки поправки.
Бележки към актуализацията 1.34f	Бележки към актуализацията 1.34f
Поправени са проблеми с зареждането на много стари запазени файлове.\nПоправена е шрифтовете и знаците в DLC за фермата.\nКорекции в настройките на персонализирания режим.\nПоправени са проблеми с излизането от житната лабиринт след отвличане от НЛО с персонализирани времеви настройки.\nПоправен е рядък проблем, при който събитията не се задействаха правилно в някои запазени файлове.\nПоправени са места, които не се отключваха правилно в режим Sandbox.\nПоправени са иконите с информация, които изчезваха твърде бързо, когато ги преместите.	Поправени са проблеми с зареждането на много стари запазени файлове.\nПоправена е шрифтовете и знаците в DLC за фермата.\nКорекции в настройките на персонализирания режим.\nПоправени са проблеми с излизането от житната лабиринт след отвличане от НЛО с персонализирани времеви настройки.\nПоправен е рядък проблем, при който събитията не се задействаха правилно в някои запазени файлове.\nПоправени са места, които не се отключваха правилно в режим Sandbox.\nПоправени са иконите с информация, които изчезваха твърде бързо, когато ги преместите.
Бележки към актуализацията 1.34h	Бележки към актуализацията 1.34h
Нови функции и съдържание:\n- НОВО DLC - Уранов проект\n- Нов NPC - Скаут момиче: Купи лимонада (и други специални оферти)\n- Механика на експедициите - изпращай скаут момичето на мисии, за да ти донесе ресурси\n- Отглеждай лимон в бункера си\n\nНови предмети (Основна игра)\n- Лимонови семена\n- Лимон\n- Лимонада\n- Рецепта за лимонада\n- И още много в новото DLC\n\nПоправки на грешки и други промени:\n- Добавена опция да включваш и изключваш лампите и превключвателите с LMB\n- Добавени някои нови статии във вестника\n- Гайгер броят вече може да се разглобява и изработва\n- Поправени липсващи звуци при добиване на минерали и рязане на дървета\n- Поправен бъг, който правеше препъра заклещен след атака по време на смяна на оръжия\n- Някои корекции в потребителския интерфейс\n- Поправена грешка със червения залез след бягане от първата вълча битка\n- Коригирани някои икони за предмети\n- Премахната опцията "отвори", която не правеше нищо на някои сандъци в пустинята\n- Поправена визуална грешка при надграждане на стаята аквариум, която имаше случайни проблеми с визията\n- Поправен "Горският ходещ" (The Bush Walker)\n- Поправено никога не се запазват нива 3-5 в гората\n- Поправена грешка при заклещване на рибарския кей след проверка на счупена камера\n- Поправени случайни визуални бъгове, които се появяваха след отключване на чертежи\n- Поправен сортирането на оферти за продажба в търговията\n- Коригирани теглата на супите\n- Поправена визуална грешка на иконата за килим на стената\n- Поправено ограничение на камерата при наблюдателницата във Форт Обервър (Fort Observer)\n- Поправен музикален бъг, който не се нулираше правилно след смърт\n- Поправена материя на кафеевото дърво, която винаги беше видима под земята в тъмното\n- Поправен "Сграда Силоз" (Build Silo) в дневника, който понякога не се появяваше\n- Поправени плъхове, които понякога се заклещваха на входа на пещерата\n- Поправен звукът на миньорската машина, който не спираше след бутане на количката\n- Обновени кредити\n- И няколко други средни и малки поправки на грешки	Нови функции и съдържание:\n- НОВО DLC - Уранов проект\n- Нов NPC - Скаут момиче: Купи лимонада (и други специални оферти)\n- Механика на експедициите - изпращай скаут момичето на мисии, за да ти донесе ресурси\n- Отглеждай лимон в бункера си\n\nНови предмети (Основна игра)\n- Лимонови семена\n- Лимон\n- Лимонада\n- Рецепта за лимонада\n- И още много в новото DLC\n\nПоправки на грешки и други промени:\n- Добавена опция да включваш и изключваш лампите и превключвателите с LMB\n- Добавени някои нови статии във вестника\n- Гайгер броят вече може да се разглобява и изработва\n- Поправени липсващи звуци при добиване на минерали и рязане на дървета\n- Поправен бъг, който правеше препъра заклещен след атака по време на смяна на оръжия\n- Някои корекции в потребителския интерфейс\n- Поправена грешка със червения залез след бягане от първата вълча битка\n- Коригирани някои икони за предмети\n- Премахната опцията "отвори", която не правеше нищо на някои сандъци в пустинята\n- Поправена визуална грешка при надграждане на стаята аквариум, която имаше случайни проблеми с визията\n- Поправен "Горският ходещ" (The Bush Walker)\n- Поправено никога не се запазват нива 3-5 в гората\n- Поправена грешка при заклещване на рибарския кей след проверка на счупена камера\n- Поправени случайни визуални бъгове, които се появяваха след отключване на чертежи\n- Поправен сортирането на оферти за продажба в търговията\n- Коригирани теглата на супите\n- Поправена визуална грешка на иконата за килим на стената\n- Поправено ограничение на камерата при наблюдателницата във Форт Обервър (Fort Observer)\n- Поправен музикален бъг, който не се нулираше правилно след смърт\n- Поправена материя на кафеевото дърво, която винаги беше видима под земята в тъмното\n- Поправен "Сграда Силоз" (Build Silo) в дневника, който понякога не се появяваше\n- Поправени плъхове, които понякога се заклещваха на входа на пещерата\n- Поправен звукът на миньорската машина, който не спираше след бутане на количката\n- Обновени кредити\n- И няколко други средни и малки поправки на грешки
Бележки към актуализацията 1.42b (26.09.2025)	Бележки към актуализацията 1.42b (26.09.2025)
Поправени са проблеми с мисията за мляко и яйца в допълнителния пакет "Ферма за животни", която не работеше правилно.\nПоправени са случайни грешки със звука на Гайгеровия брояч: липсващ звук, постоянен звук твърде силен.\nСлайдерът за обем на UI вече влияе правилно върху звуците на Гайгеровия брояч.\nНастроена е мощността и скоростта на консумация на гориво на ядрения генератор.\nПоправено е невъзможността да изпратите Гайгеровия брояч до Минуteman.\nПоправени са някои постижения от допълнителния пакет "Уранов проект", които се отключваха и в началото на играта.	Поправени са проблеми с мисията за мляко и яйца в допълнителния пакет "Ферма за животни", която не работеше правилно.\nПоправени са случайни грешки със звука на Гайгеровия брояч: липсващ звук, постоянен звук твърде силен.\nСлайдерът за обем на UI вече влияе правилно върху звуците на Гайгеровия брояч.\nНастроена е мощността и скоростта на консумация на гориво на ядрения генератор.\nПоправено е невъзможността да изпратите Гайгеровия брояч до Минуteman.\nПоправени са някои постижения от допълнителния пакет "Уранов проект", които се отключваха и в началото на играта.
Бележки към актуализацията 1.42е (27.09.2025)	Бележки към актуализацията 1.42е (27.09.2025)
Премахнато е „Нов текст“, което беше видимо на върха на екрана за някои играчи.\nЯдреният презареждач вече няма да взема гориво от рафинерията.\nПроменено е иконата и лентата на ядрения презареждач в по-подходящ цвят.\nПоправени са вратите към електроцентралата, които оставаха постоянно затворени след бягство от вълци.\nПоправен е проблемът с невъзможността да се отключват постижения: Ветеран на крана, Колекционер на награди, Ядрена енергия	Премахнато е „Нов текст“, което беше видимо на върха на екрана за някои играчи.\nЯдреният презареждач вече няма да взема гориво от рафинерията.\nПроменено е иконата и лентата на ядрения презареждач в по-подходящ цвят.\nПоправени са вратите към електроцентралата, които оставаха постоянно затворени след бягство от вълци.\nПоправен е проблемът с невъзможността да се отключват постижения: Ветеран на крана, Колекционер на награди, Ядрена енергия
Бележки към актуализацията 1.42g (29.09.2025)	Бележки към актуализацията 1.42g (29.09.2025)
Поправени са битките със учените в DLC Uranium, които не работеха с Old Combat System.\nТи вече не можеш да бягаш от змии по време на битката с учените.\nСега можеш да правиш семена от тикви и краставици в питъра.\nВъзстановена е опцията за търговия без нулиране на таймера.\nПоправено е, че аварийният лост не се появяваше в опциите за изработка.\nПоправена е грешката със залепване при изработка.\nПоправено е, че автоплантерът използва твърде много семена при зареждане на играта.\nПоправена е опцията за ускоряване на времето, която не беше достъпна след битка с учените.	Поправени са битките със учените в DLC Uranium, които не работеха с Old Combat System.\nТи вече не можеш да бягаш от змии по време на битката с учените.\nСега можеш да правиш семена от тикви и краставици в питъра.\nВъзстановена е опцията за търговия без нулиране на таймера.\nПоправено е, че аварийният лост не се появяваше в опциите за изработка.\nПоправена е грешката със залепване при изработка.\nПоправено е, че автоплантерът използва твърде много семена при зареждане на играта.\nПоправена е опцията за ускоряване на времето, която не беше достъпна след битка с учените.
Бележки към актуализацията 1.42h (30.09.2025)	Бележки към актуализацията 1.42h (30.09.2025)
Добавено е поддръжка за DLC с уран в режим Sandbox\nДобавена е търговия с д-р Едуард, която се отключва след завършване на DLC\nДобавен е гардероб с уран към случайните награди от заявките на учените\nПоправена е възможността за блокиране на задачи в дневника на задачите след завършване на DLC.\nПоправено е невъзможността да се отключи постижението Expedition 33.	Добавено е поддръжка за DLC с уран в режим Sandbox\nДобавена е търговия с д-р Едуард, която се отключва след завършване на DLC\nДобавен е гардероб с уран към случайните награди от заявките на учените\nПоправена е възможността за блокиране на задачи в дневника на задачите след завършване на DLC.\nПоправено е невъзможността да се отключи постижението Expedition 33.
Бележки към актуализацията 1.42i (01.10.2025)	Бележки към актуализацията 1.42i (01.10.2025)
Поправена е възможността за бъг на Pulse Gun при смяна на оръжията по време на стрелба.\nPulse Gun прегряващата лента вече се актуализира дори когато pulse gun не е активно оръжие.\nПоправено е дублирането на предмети от Auto Harvester при събиране, ако в една стая има повече от един harvester.\nПоправена е липсата на ботуши за Prepper, ако носиш ловни дрехи след hazmat костюм или обратно.\nПоправен е бъг със засядане в диалог с учения в мините.\nПоправено е поставянето на Reactor Safety System преди изчакване на следващия ден.\nПоправена е Veteran Achievement за Crane Machine, която не се отключва при ниво над 10 в минииграта.	Поправена е възможността за бъг на Pulse Gun при смяна на оръжията по време на стрелба.\nPulse Gun прегряващата лента вече се актуализира дори когато pulse gun не е активно оръжие.\nПоправено е дублирането на предмети от Auto Harvester при събиране, ако в една стая има повече от един harvester.\nПоправена е липсата на ботуши за Prepper, ако носиш ловни дрехи след hazmat костюм или обратно.\nПоправен е бъг със засядане в диалог с учения в мините.\nПоправено е поставянето на Reactor Safety System преди изчакване на следващия ден.\nПоправена е Veteran Achievement за Crane Machine, която не се отключва при ниво над 10 в минииграта.
Бележки към актуализацията 1.42j (02.10.2025)	Бележки към актуализацията 1.42j (02.10.2025)
- Поправено визуално ниво на работната маса, което е по-ниско от очакваното след сън с нея в инвентара\n- Поправени изчезващи предмети при разделянето им\n- Намалена честота на появяване на радиационни врагове\n- Поправена задача за изработка на ядрен регенератор и дейонизиращ маяк\n- Поправено отключване на рецептата за лимонада при кликване върху нея, дори ако не сте я купили\n- Поправена неправилна позиция на глобуса\n- Поправена възможност за засядане след битка със учен заради змии, които излизат от картата	- Поправено визуално ниво на работната маса, което е по-ниско от очакваното след сън с нея в инвентара\n- Поправени изчезващи предмети при разделянето им\n- Намалена честота на появяване на радиационни врагове\n- Поправена задача за изработка на ядрен регенератор и дейонизиращ маяк\n- Поправено отключване на рецептата за лимонада при кликване върху нея, дори ако не сте я купили\n- Поправена неправилна позиция на глобуса\n- Поправена възможност за засядане след битка със учен заради змии, които излизат от картата
Бележки към актуализацията 1.42н (08.10.2025)	Бележки към актуализацията 1.42н (08.10.2025)
Добавено е опцията "попитай за" противогаз за Боб\nРегулирани са стойностите на лемон и гуарана за възстановяване на издръжливостта\nДобавена е опция за изработка на Ludus Reiectus\nПоправена е грешката с постижението "The Fisher King", което не отчита правилно статистиките\nПоправено е постижението за приятелство с Xeno, което понякога не се отключва правилно\nПоправени са плъховете, заседнали в тунела\nПоправена е цената на Tesla Coil Gun при търговията с д-р Едуард\nПоправено е Uranium Centrifuge, което понякога не се отключва\nРегулирано е теглото на Антирадиационния костюм	Добавено е опцията "попитай за" противогаз за Боб\nРегулирани са стойностите на лемон и гуарана за възстановяване на издръжливостта\nДобавена е опция за изработка на Ludus Reiectus\nПоправена е грешката с постижението "The Fisher King", което не отчита правилно статистиките\nПоправено е постижението за приятелство с Xeno, което понякога не се отключва правилно\nПоправени са плъховете, заседнали в тунела\nПоправена е цената на Tesla Coil Gun при търговията с д-р Едуард\nПоправено е Uranium Centrifuge, което понякога не се отключва\nРегулирано е теглото на Антирадиационния костюм
Бележки към актуализацията 1.42p (15.10.2025)	Бележки към актуализацията 1.42p (15.10.2025)
Поправени са някои декоративни предмети от DLC Uranium, които не дават чертеж след разглобяване\nПоправен е проблемът с възможността за получаване на някои чертежи от заявка на учен\nНякои варианти на предмети вече могат да се трансформират в облъчени предмети (само тези, които преди това са имали облъчени варианти)\n(пример: боровинки -> облъчени боровинки)	Поправени са някои декоративни предмети от DLC Uranium, които не дават чертеж след разглобяване\nПоправен е проблемът с възможността за получаване на някои чертежи от заявка на учен\nНякои варианти на предмети вече могат да се трансформират в облъчени предмети (само тези, които преди това са имали облъчени варианти)\n(пример: боровинки -> облъчени боровинки)
Бележки към актуализацията 1.42р (29.10.2025)	Бележки към актуализацията 1.42р (29.10.2025)
Change log	Change log
Избери слот	Избери слот
day: <color=#C2D1D1>2</color>\n\n<size=9>version: </size><size=8><color=#C2D1D1>1.43g</size></color>\n<size=9>Game Mode: </size><size=8><color=#C2D1D1>Regular</size></color>\n<size=9>Difficulty: </size><size=8><color=#C2D1D1>Normal</size></color>\n<size=9>DLCs: </size><size=8><color=#C2D1D1>Animal Farm, Uranium Project</size></color>\n<size=9>saved: </size><size=8><color=#C2D1D1>17/08/2026 12:23:57</size></color>\n<size=9>created: </size><size=8><color=#C2D1D1>17/08/2026 12:06:43</size></color>	day: <color=#C2D1D1>2</color>\n\n<size=9>version: </size><size=8><color=#C2D1D1>1.43g</size></color>\n<size=9>Game Mode: </size><size=8><color=#C2D1D1>Regular</size></color>\n<size=9>Difficulty: </size><size=8><color=#C2D1D1>Normal</size></color>\n<size=9>DLCs: </size><size=8><color=#C2D1D1>Animal Farm, Uranium Project</size></color>\n<size=9>saved: </size><size=8><color=#C2D1D1>17/08/2026 12:23:57</size></color>\n<size=9>created: </size><size=8><color=#C2D1D1>17/08/2026 12:06:43</size></color>
123	123
Load	Load
Продължи	Продължи
Нападай с <color=#A9352FFF>Q</color> и <color=#A9352FFF>E</color>.	Нападай с <color=#A9352FFF>Q</color> и <color=#A9352FFF>E</color>.
Тип атака	Тип атака
Показване на съвети	Показване на съвети
Дръж курсора вътре в прозореца.	Дръж курсора вътре в прозореца.
Скорост на камерата по ръба на екрана	Скорост на камерата по ръба на екрана
Клавиатура Камера Скорост	Клавиатура Камера Скорост
Винаги бягай	Винаги бягай
Български превод:	Български превод:
Език	Език
Audio	Audio
Graphics	Graphics
Apply	Apply
Controls	Controls
Game	Game
2 кадъра в секунда	2 кадъра в секунда
52 FPS	52 FPS
Зърнистост на филма	Зърнистост на филма
Високо	Високо
Ниво на детайлност	Ниво на детайлност
Качество на текстурите	Качество на текстурите
Сенчесто качество	Сенчесто качество
Цъфтиш!	Цъфтиш!
Околна тъмнина	Околна тъмнина
Амбиент оклузия	Амбиент оклузия
Дълбочина на полето	Дълбочина на полето
Допълнително изглаждане на ръбовете	Допълнително изглаждане на ръбовете
Антиалиасинг	Антиалиасинг
1.6	1.6
Яркост	Яркост
Пълен екран	Пълен екран
Режим на показване	Режим на показване
x2	x2
Зареждане...	Зареждане...
Синхронизация V-Sync	Синхронизация V-Sync
60 кадъра в секунда	60 кадъра в секунда
Ограничение на кадрите	Ограничение на кадрите
1920x1080	1920x1080
Резолюция	Резолюция
58 кадъра в секунда	58 кадъра в секунда
Music	Music
Effects	Effects
Volume	Volume
Ambient	Ambient
UI	UI
Move camera	Move camera
Time control	Time control
QWERTY	QWERTY
Menu	Menu
Нападение отляво	Нападение отляво
Fast forward	Fast forward
Keyboard layout	Keyboard layout
Move / Quick action	Move / Quick action
Center the camera / Drive around obstacles	Center the camera / Drive around obstacles
Interact	Interact
Blueprints	Blueprints
Inventory	Inventory
Bunker construction	Bunker construction
Gear / Journal	Gear / Journal
Block	Block
S	S
Drive Boost	Drive Boost
Alternate item placement grid	Alternate item placement grid
W	W
T	T
F	F
D	D
CTRL	CTRL
U	U
TAB	TAB
Нападение надясно	Нападение надясно
Custom Bind	Custom Bind
Quick grab	Quick grab
I	I
E	E
Change weapon	Change weapon
B	B
ESC	ESC
Q	Q
A	A
ALT	ALT
SHIFT\n	SHIFT\n
56 кадъра в секунда	56 кадъра в секунда
German	German
Russian	Russian
Турски	Турски
Portuguese	Portuguese
Шведски	Шведски
Корейски	Корейски
Чешки	Чешки
Útok s <color=#A9352FFF>Q</color> a <color=#A9352FFF>E</color>	Útok s <color=#A9352FFF>Q</color> a <color=#A9352FFF>E</color>
Typ útoku	Typ útoku
Zobrazit tipy	Zobrazit tipy
Udržovat kurzor pouze v okně	Udržovat kurzor pouze v okně
Rychlost pohybu kamery (myš)	Rychlost pohybu kamery (myš)
Rychlost pohybu kamery (klávesnice)	Rychlost pohybu kamery (klávesnice)
Běh místo chůze	Běh místo chůze
Jazyk	Jazyk
Nastavení	Nastavení
Zvuk	Zvuk
Grafika	Grafika
Současný jazyk byl přeložen komunitou. Některé části mohou být nedokončené.\n Chcete jej stále používat?	Současný jazyk byl přeložen komunitou. Některé části mohou být nedokončené.\n Chcete jej stále používat?
ANO!	ANO!
Pokračovat	Pokračovat
Ne	Ne
Ukončit	Ukončit
Použít	Použít
Ovládání	Ovládání
Titulky	Titulky
Nová hra	Nová hra
Hra	Hra
DLC je povoleno.	DLC je povoleno.
Připojit se k Discordu	Připojit se k Discordu
Přidejte si jej do seznamu přání!	Přidejte si jej do seznamu přání!
Thai	Thai
โจมตีด้วย <color=#A9352FFF>Q</color> และ <color=#A9352FFF>E</color>	โจมตีด้วย <color=#A9352FFF>Q</color> และ <color=#A9352FFF>E</color>
ประเภทการโจมตี	ประเภทการโจมตี
แสดงคำแนะนำ	แสดงคำแนะนำ
เก็บเคอร์เซอร์ไว้ในหน้าต่าง	เก็บเคอร์เซอร์ไว้ในหน้าต่าง
ความเร็วกล้องขอบหน้าจอ 	ความเร็วกล้องขอบหน้าจอ 
ความเร็วกล้องแป้นพิม	ความเร็วกล้องแป้นพิม
รันตลอด	รันตลอด
ภาษา	ภาษา
ตัวเลือก	ตัวเลือก
เสียง	เสียง
กราฟิก	กราฟิก
ภาษาปัจจุบันได้รับการแปลโดยชุมชน บางส่วนอาจจะยังไม่เสร็จ\nคุณต้องการใช้หรือไม่	ภาษาปัจจุบันได้รับการแปลโดยชุมชน บางส่วนอาจจะยังไม่เสร็จ\nคุณต้องการใช้หรือไม่
ใช่!	ใช่!
เล่นต่อ	เล่นต่อ
ไม่	ไม่
ออก	ออก
ยืนยัน	ยืนยัน
ควบคุม	ควบคุม
เครดิต	เครดิต
เริ่มเกมใหม่	เริ่มเกมใหม่
เกม	เกม
DLC เปิดใช้งาน	DLC เปิดใช้งาน
เข้าร่วม Discord	เข้าร่วม Discord
เพื่มลงในไวริส	เพื่มลงในไวริส
Японски	Японски
Опции	Опции
Аудио	Аудио
Графика	Графика
Изход	Изход
Приложи	Приложи
Кредити	Кредити
Нова игра	Нова игра
Играта	Играта
Присъедини се към Discord	Присъедини се към Discord
Добави го към твоя списък с желания!	Добави го към твоя списък с желания!
Играенето на допълнителното съдържание започва на десетия ден от игровото време, когато получавате писмо с работна поръчка от Агенцията.	Играенето на допълнителното съдържание започва на десетия ден от игровото време, когато получавате писмо с работна поръчка от Агенцията.
Tip: Prepare yourself for the worst	Tip: Prepare yourself for the worst
36 $	36 $
30 $	30 $
70 $	70 $
10 $	10 $
45 $	45 $
1 $	1 $
2 $	2 $
trust	trust
1 lvl	1 lvl
Dr. Edward	Dr. Edward
6 $	6 $
33 $	33 $
17 $	17 $
25 $	25 $
3 $	3 $
50 $	50 $
9 $	9 $
15 $	15 $
5 $	5 $
Henry the Chicken	Henry the Chicken
52 $	52 $
26 $	26 $
100 $	100 $
35 $	35 $
Will the Farmer	Will the Farmer
22 $	22 $
7 $	7 $
80 $	80 $
28 $	28 $
11 $	11 $
187 $	187 $
81 $	81 $
40 $	40 $
Joe	Joe
75 $	75 $
60 $	60 $
Bob's House	Bob's House
44 $	44 $
Jetsons' House	Jetsons' House
Minuteman	Minuteman
4 $	4 $
8 $	8 $
20 $	20 $
Gourmet	Gourmet
Huntress	Huntress
18 $	18 $
37 $	37 $
Tony the Tailor	Tony the Tailor
Jenny	Jenny
21 $	21 $
13 $	13 $
16 $	16 $
38 $	38 $
14 $	14 $
Supermarket	Supermarket
Sergey	Sergey
Nancy's House	Nancy's House
1d 	1d 
12h 	12h 
5h 	5h 
3h 	3h 
2h 	2h 
1h 	1h 
30m 	30m 
0m	0m
OPEN	OPEN
Trade	Trade
Hold	Hold
Stop	Stop
TRADED	TRADED
	
BLUEPRINT	BLUEPRINT
geben	geben
My cash	My cash
- 100 $	- 100 $
2	2
+ 100 $	+ 100 $
Sell	Sell
1	1
Disassemble	Disassemble
Craft	Craft
Buy	Buy
3 in stock	3 in stock
GAME COMPETITION	GAME COMPETITION
NIGHTS TO SURVIVE: <COLOR=#C13F3FFF>9999999</COLOR>	NIGHTS TO SURVIVE: <COLOR=#C13F3FFF>9999999</COLOR>
HALLOWEEN	HALLOWEEN
10/100	10/100
MEET ME IN THE FOREST	MEET ME IN THE FOREST
done	done
total	total
TRADE\n	TRADE\n
\tBLUEPRINT BLUEPRINT BLUEPRINT BLUEPRINTBLUEPRINT BLUEPRINTBLUEPRINT BLUEPRINTBLUEPRINT BLUEPRINTBLUEPRINT BLUEPRINT	\tBLUEPRINT BLUEPRINT BLUEPRINT BLUEPRINTBLUEPRINT BLUEPRINTBLUEPRINT BLUEPRINTBLUEPRINT BLUEPRINTBLUEPRINT BLUEPRINT
Open the door, the Agent has arrived!	Open the door, the Agent has arrived!
Text	Text
habitat	habitat
Tittle	Tittle
New Text New TextNew TextNew TextNew TextNew TextNew TextNew 	New Text New TextNew TextNew TextNew TextNew TextNew TextNew 
<i><b><pos=20%><size=140%>HUNTER'S CLUB\n<line-height=20%>\n<line-height=100%><pos=10%><size=100%>Everything what the wilderness around Murricaville has to offer! Fresh game from different animals, free-range and ethically shot to death! And if you want to do the hunting yourself – I offer a wide choice of traps & baits.\n<line-height=70%><pos=40%><size=80%>-- Lavinia, your local huntress	<i><b><pos=20%><size=140%>HUNTER'S CLUB\n<line-height=20%>\n<line-height=100%><pos=10%><size=100%>Everything what the wilderness around Murricaville has to offer! Fresh game from different animals, free-range and ethically shot to death! And if you want to do the hunting yourself – I offer a wide choice of traps & baits.\n<line-height=70%><pos=40%><size=80%>-- Lavinia, your local huntress
30	30
3	3
Cast	Cast
You need grenades to play this	You need grenades to play this
-2147483645	-2147483645
I need more ammunition.	I need more ammunition.
Quit	Quit
0	0
ТИ СТИГНА ДО ЦЕЛЕВАТА ТОЧКА В ИГРАТА: <color=#C13F3FFF>АД НА НЕЖИВИТЕ</color> събитие	ТИ СТИГНА ДО ЦЕЛЕВАТА ТОЧКА В ИГРАТА: <color=#C13F3FFF>АД НА НЕЖИВИТЕ</color> събитие
to get a prize of	to get a prize of
CONGRATULATIONS	CONGRATULATIONS
MR. PREPPER!	MR. PREPPER!
YOU WON	YOU WON
UNDEAD HELL	UNDEAD HELL
NEIGHBORHOOD GAMING CLUB	NEIGHBORHOOD GAMING CLUB
OUTSTANDING JOB! SEE YOU IN THE NEXT EVENT	OUTSTANDING JOB! SEE YOU IN THE NEXT EVENT
Cancel	Cancel
<color=#F0F0F0>The Herbalist</color>\n<pos=5%><size=10><color=#D4D2D3>Go to the forest in the daytime and meet the herbalist.</color> </size>	<color=#F0F0F0>The Herbalist</color>\n<pos=5%><size=10><color=#D4D2D3>Go to the forest in the daytime and meet the herbalist.</color> </size>
<color=#F0F0F0>Self-Reliant</color>\n<pos=5%><size=10><color=#D4D2D3>Collect 5 bags of seeds.</color> </size>	<color=#F0F0F0>Self-Reliant</color>\n<pos=5%><size=10><color=#D4D2D3>Collect 5 bags of seeds.</color> </size>
<color=#F0F0F0>Self-Reliant</color>\n<pos=5%><size=10><color=#D4D2D3>Place 5 patches of soil in your bunker.</color> </size>	<color=#F0F0F0>Self-Reliant</color>\n<pos=5%><size=10><color=#D4D2D3>Place 5 patches of soil in your bunker.</color> </size>
6	6
4	4
7	7
Безопасно количество: <color=#FF5656>0</color>	Безопасно количество: <color=#FF5656>0</color>
Escape Plan	Escape Plan
Turn	Turn
GRAB	GRAB
INSPECT	INSPECT
READ	READ
8	8
9	9
Exit to menu	Exit to menu
Exit to windows	Exit to windows
Settings	Settings
Resume	Resume
Назад	Назад
Бързо грабни	Бързо грабни
Смени оръжието	Смени оръжието
Персонализирано свързване	Персонализирано свързване
Ускорение за шофиране	Ускорение за шофиране
Алтернативна мрежа за поставяне на предмети	Алтернативна мрежа за поставяне на предмети
Блок	Блок
Строителство на бункер	Строителство на бункер
Оборудване / Дневник	Оборудване / Дневник
Инвентар	Инвентар
Центрирай камерата / Шофирай около препятствията	Центрирай камерата / Шофирай около препятствията
Подредба на клавиатурата	Подредба на клавиатурата
Премести се/Бързо действие	Премести се/Бързо действие
Чертежи	Чертежи
Взаимодействай	Взаимодействай
Бързо напред	Бързо напред
Премести камерата	Премести камерата
Контрол на времето	Контрол на времето
Are you sure you want to exit? Your progress is being saved only when you sleep or nap.	Are you sure you want to exit? Your progress is being saved only when you sleep or nap.
YES!	YES!
No	No
5	5
Keyboard Camera Speed	Keyboard Camera Speed
Options	Options
Continue	Continue
Exit	Exit
Бележки към актуализацията 1.43f (13.08.2026)	Бележки към актуализацията 1.43f (13.08.2026)
Credits	Credits
New Game	New Game
- Added 22 new items: Apple Smoothie, Orange Smoothie, Cactus Smoothie, Guarana Smoothie, Coffee Smoothie, Corn Salad, Sunflower Seed Salad, Beet Salad, Lemon Jam, Apple Jam, Orange Energy Bar, Lemon Energy Bar, Apple Energy Bar, Berries Energy Bar, Instant Ramen - Tomato Taste, Instant Ramen - Meat Taste, Dried Lemon, Roasted Corn, Roasted Chicken Leg, Empty Can, Empty Jar and PrepperMix\n- New mechanic - Temporary Attribute Buffs: Several old and new food items now provide a 24-hour increase to max Health, Stamina or Preparedness.\n- New mechanic - Permanent Attribute Buffs: Several old and new food items now provide a small permanent increase to max Health, Stamina or Preparedness after being eaten enough times.\n- PrepperMix: A new Stove replacement that can be crafted. It allows you to queue recipes and cook them automatically.\n- Food Info: Food item info cards now display detailed information about their effects, including Health, Stamina, Preparedness and more.\n- Empty Cans and Empty Jars: Some food items now return empty cans or empty jars that can be recycled.\n- Added an All category to the cooking panel.\n- Added an option to the crafting and cooking panels to display only recipes/blueprints for which you currently have the required ingredients/materials.\n- Some minor bug fixes. 	- Added 22 new items: Apple Smoothie, Orange Smoothie, Cactus Smoothie, Guarana Smoothie, Coffee Smoothie, Corn Salad, Sunflower Seed Salad, Beet Salad, Lemon Jam, Apple Jam, Orange Energy Bar, Lemon Energy Bar, Apple Energy Bar, Berries Energy Bar, Instant Ramen - Tomato Taste, Instant Ramen - Meat Taste, Dried Lemon, Roasted Corn, Roasted Chicken Leg, Empty Can, Empty Jar and PrepperMix\n- New mechanic - Temporary Attribute Buffs: Several old and new food items now provide a 24-hour increase to max Health, Stamina or Preparedness.\n- New mechanic - Permanent Attribute Buffs: Several old and new food items now provide a small permanent increase to max Health, Stamina or Preparedness after being eaten enough times.\n- PrepperMix: A new Stove replacement that can be crafted. It allows you to queue recipes and cook them automatically.\n- Food Info: Food item info cards now display detailed information about their effects, including Health, Stamina, Preparedness and more.\n- Empty Cans and Empty Jars: Some food items now return empty cans or empty jars that can be recycled.\n- Added an All category to the cooking panel.\n- Added an option to the crafting and cooking panels to display only recipes/blueprints for which you currently have the required ingredients/materials.\n- Some minor bug fixes. 
DLC is enabled.	DLC is enabled.
Join Discord	Join Discord
Follow	Follow
Add it to your Wishlist!	Add it to your Wishlist!
Разширението е активирано.	Разширението е активирано.
v1.43g	v1.43g
Играенето на допълнителното съдържание започва на десетия ден от игровото време, когато получавате писмо с работна поръчка от Агенцията.	Играенето на допълнителното съдържание започва на десетия ден от игровото време, когато получавате писмо с работна поръчка от Агенцията.
За да започнеш страничната история от допълнителното съдържание (DLC), трябва да оцелееш до ден 12 и да изпълниш няколко задачи от основната история. Когато тези условия са изпълнени, скаут момичето ще се появи сутринта с информация, която стартира DLC-то.	За да започнеш страничната история от допълнителното съдържание (DLC), трябва да оцелееш до ден 12 и да изпълниш няколко задачи от основната история. Когато тези условия са изпълнени, скаут момичето ще се появи сутринта с информация, която стартира DLC-то.
